2018-06-09 03:33,11462413,00246,1756
2018-06-09 03:33,00094108,00130,650
2018-06-09 03:33,00744530,11698,396
2018-06-09 03:33,00541270,00310,158
2018-06-09 03:33,00688490,13126,9
2018-06-09 03:33,00593665,12309,940
2018-06-09 03:33,12245195,13244,4721
2018-06-09 03:33,11772298,00658,4052
2018-06-09 03:33,00318296,00301,613
2018-06-09 03:33,12800078,11441,1426
2018-06-09 03:33,00122501,00509,343
2018-06-09 03:33,12530954,00666,505
2018-06-09 03:33,12323724,00483,171
2018-06-09 03:33,11494012,15309,4023
2018-06-09 03:33,11683512,00234,762
2018-06-09 03:33,00250290,11328,357
2018-06-09 03:33,00002374,11392,157
2018-06-09 03:33,12596318,13577,9622
2018-06-09 03:33,00109240,13666,470
2018-06-09 03:33,00504648,00279,846
2018-06-09 03:33,12335958,12485,6210
2018-06-09 03:33,11406977,00705,4013
2018-06-09 03:33,11804228,14389,3852
2018-06-09 03:33,00266705,00058,16
2018-06-09 03:33,00506873,14165,856
2018-06-09 03:33,00510220,14490,610
2018-06-09 03:33,14778584,00024,14005
2018-06-09 03:33,11346382,00304,3268
2018-06-09 03:33,00032576,13537,792
2018-06-09 03:33,13754915,00103,17338
2018-06-09 03:33,00372242,00286,104
2018-06-09 03:33,12335865,14628,5699
2018-06-09 03:33,00089919,00722,52
2018-06-09 03:33,00643708,11311,483
2018-06-09 03:33,00228996,00307,911
2018-06-09 03:33,11360826,11728,4147
2018-06-09 03:33,00525367,15473,317
2018-06-09 03:33,00580151,14751,208
2018-06-09 03:33,00147754,00727,781
2018-06-09 03:33,11284210,13289,837
2018-06-09 03:33,00748219,00047,28
2018-06-09 03:33,11178883,00113,3041
2018-06-09 03:33,11077984,14767,3228
2018-06-09 03:33,12705210,14486,3843
2018-06-09 03:33,00541974,00622,675
2018-06-09 03:33,00293830,00753,246
2018-06-09 03:33,12700359,11244,650
2018-06-09 03:33,00254788,11276,5
2018-06-09 03:33,00698308,11379,259
2018-06-09 03:33,00334004,00457,711
2018-06-09 03:33,12218745,12687,6848
2018-06-09 03:33,00456825,00536,727
2018-06-09 03:33,00111810,13699,10
2018-06-09 03:34,00658042,00690,389
2018-06-09 03:34,00302227,14693,992
2018-06-09 03:34,00046951,13356,94
2018-06-09 03:34,00052867,00425,979
2018-06-09 03:34,00131766,00280,779
2018-06-09 03:34,00072220,15036,212
2018-06-09 03:34,11194703,00717,3150
2018-06-09 03:34,14093540,00335,827
2018-06-09 03:34,00067415,00148,669
2018-06-09 03:34,00366318,12326,268
2018-06-09 03:34,13081488,13509,2411
2018-06-09 03:34,11784815,00786,1177
2018-06-09 03:34,11325892,00350,1050
2018-06-09 03:34,00238431,11314,225
2018-06-09 03:34,11657032,15351,2049
2018-06-09 03:34,00303748,12681,831
2018-06-09 03:34,12578688,00482,1278
2018-06-09 03:34,00495412,00681,873
2018-06-09 03:34,12136964,11505,7472
2018-06-09 03:34,12249586,11333,6479
2018-06-09 03:34,00298650,15377,508
2018-06-09 03:34,00278269,00370,637
2018-06-09 03:34,00001328,00210,745
2018-06-09 03:34,11521740,00009,3094
2018-06-09 03:34,11505781,13545,4028
2018-06-09 03:34,00167852,00620,767
2018-06-09 03:34,11424454,15404,655
2018-06-09 03:34,12335129,13079,5289
2018-06-09 03:34,00293961,00326,858
2018-06-09 03:34,11368924,00737,3073
2018-06-09 03:34,14292449,11685,21785
2018-06-09 03:34,00621202,15694,465
2018-06-09 03:34,00101641,00162,796
2018-06-09 03:34,11417879,13224,1092
2018-06-09 03:34,11541137,00675,1478
2018-06-09 03:34,11801217,12094,1742
2018-06-09 03:34,00751783,00135,394
2018-06-09 03:34,11626615,13132,4671
2018-06-09 03:34,12075670,15382,7732
2018-06-09 03:34,00077707,00085,352
2018-06-09 03:34,00510642,00059,145
2018-06-09 03:34,00228394,00186,826
2018-06-09 03:34,11665201,00048,316
2018-06-09 03:34,00475059,00493,527
2018-06-09 03:34,00406542,00443,474
2018-06-09 03:34,00071678,11732,125
2018-06-09 03:34,00017272,00127,83
2018-06-09 03:34,12765666,15488,2254
2018-06-09 03:34,00603125,00172,939
2018-06-09 03:34,13537832,00170,8540
2018-06-09 03:34,00144288,00429,692
2018-06-09 03:34,12062271,15759,340
2018-06-09 03:34,00728887,12423,973
2018-06-09 03:34,00544044,13524,876
2018-06-09 03:34,12608660,11131,7379
2018-06-09 03:34,11200184,00033,396
2018-06-09 03:34,00585915,00172,628
2018-06-09 03:34,12693959,00475,909
2018-06-09 03:34,11105336,13793,4834
2018-06-09 03:34,12357200,12571,1379
2018-06-09 03:35,11754926,00705,4382
2018-06-09 03:35,12450219,00709,2496
2018-06-09 03:35,11070059,12249,1315
2018-06-09 03:35,00455622,15464,739
2018-06-09 03:35,00378732,00341,414
2018-06-09 03:35,00043339,00680,655
2018-06-09 03:35,12409311,00150,3282
2018-06-09 03:35,00352007,12587,279
2018-06-09 03:35,12047482,00299,8975
2018-06-09 03:35,12026557,00369,3620
2018-06-09 03:35,00739720,00288,56
2018-06-09 03:35,12148784,00475,8069
2018-06-09 03:35,12740814,14289,4373
2018-06-09 03:35,00093453,00806,946
2018-06-09 03:35,11151561,11185,2537
2018-06-09 03:35,00409236,13282,848
2018-06-09 03:35,00560057,15128,726
2018-06-09 03:35,00461633,00737,561
2018-06-09 03:35,00616340,00721,960
2018-06-09 03:35,12163933,13067,2318
2018-06-09 03:35,11309055,14321,2479
2018-06-09 03:35,00741187,00026,509
2018-06-09 03:35,12142718,00653,3858
2018-06-09 03:35,12066806,00220,7430
2018-06-09 03:35,11577316,13710,51
2018-06-09 03:35,00559111,00463,264
2018-06-09 03:35,11255549,00457,4259
2018-06-09 03:35,13565674,00516,10333
2018-06-09 03:35,00011526,11101,267
2018-06-09 03:35,11329231,11498,4752
2018-06-09 03:35,00122453,13105,102
2018-06-09 03:35,00358594,13315,322
2018-06-09 03:35,00454121,14333,346
2018-06-09 03:35,14305427,00385,20599
2018-06-09 03:35,00436369,00712,665
2018-06-09 03:35,00520796,00741,341
2018-06-09 03:35,11371246,14761,3807
2018-06-09 03:35,12344148,15643,3926
2018-06-09 03:35,00050232,13125,615
2018-06-09 03:35,11404643,00012,2843
2018-06-09 03:35,12710730,00779,5545
2018-06-09 03:35,11108452,00607,1528
2018-06-09 03:35,00335361,00033,814
2018-06-09 03:35,00301549,00482,863
2018-06-09 03:35,12211241,13269,1693
2018-06-09 03:35,00423188,12451,254
2018-06-09 03:35,12501711,00739,5
2018-06-09 03:35,00439503,11439,690
2018-06-09 03:35,00279543,00022,956
2018-06-09 03:35,00352244,12627,872
2018-06-09 03:35,00608452,00046,853
2018-06-09 03:35,11428440,14513,2229
2018-06-09 03:35,11262600,15681,4804
2018-06-09 03:35,11150585,00082,1915
2018-06-09 03:35,00705229,00622,771
2018-06-09 03:35,00741165,13148,584
2018-06-09 03:35,12383305,14083,5391
2018-06-09 03:35,00107724,11205,200
2018-06-09 03:35,12468291,00211,3116
2018-06-09 03:35,11030701,11428,3703
2018-06-09 03:36,00291467,12660,624
2018-06-09 03:36,00561373,15175,733
2018-06-09 03:36,00501605,00734,706
2018-06-09 03:36,00673102,12737,88
2018-06-09 03:36,00049186,11206,71
2018-06-09 03:36,11459960,00363,1381
2018-06-09 03:36,11714045,12214,4226
2018-06-09 03:36,00496694,00001,914
2018-06-09 03:36,00072753,00207,806
2018-06-09 03:36,00638623,00802,295
2018-06-09 03:36,11520030,13456,377
2018-06-09 03:36,00121321,00766,441
2018-06-09 03:36,00248183,00290,532
2018-06-09 03:36,00261180,15757,851
2018-06-09 03:36,11007316,00347,686
2018-06-09 03:36,00507177,00154,621
2018-06-09 03:36,11248390,00425,2162
2018-06-09 03:36,00311162,14801,911
2018-06-09 03:36,13032571,00101,11741
2018-06-09 03:36,00775938,00677,729
2018-06-09 03:36,00066425,00248,377
2018-06-09 03:36,00354563,11624,959
2018-06-09 03:36,00353995,11367,274
2018-06-09 03:36,11672079,00513,2071
2018-06-09 03:36,00424099,12111,252
2018-06-09 03:36,00354807,00128,936
2018-06-09 03:36,13805998,00709,9844
2018-06-09 03:36,11370739,14191,8
2018-06-09 03:36,14229610,11295,22233
2018-06-09 03:36,11383490,00788,2390
2018-06-09 03:36,11690395,14735,148
2018-06-09 03:36,00636524,12596,498
2018-06-09 03:36,00007503,00287,325
2018-06-09 03:36,00779110,00585,325
2018-06-09 03:36,00352701,00314,669
2018-06-09 03:36,00698885,11600,196
2018-06-09 03:36,12221927,00185,539
2018-06-09 03:36,12185960,14425,5594
2018-06-09 03:36,13254908,15440,16829
2018-06-09 03:36,11116014,12296,4903
2018-06-09 03:36,00127514,00147,830
2018-06-09 03:36,00783350,15423,413
2018-06-09 03:36,00748617,00111,418
2018-06-09 03:36,00331645,11540,455
2018-06-09 03:36,00120745,14038,237
2018-06-09 03:36,00533633,00580,993
2018-06-09 03:36,00745176,00504,306
2018-06-09 03:36,00355186,00101,750
2018-06-09 03:36,11406792,11734,1229
2018-06-09 03:36,11307064,12780,4312
2018-06-09 03:36,12245388,14572,2366
2018-06-09 03:36,00379601,15228,739
2018-06-09 03:36,00210677,12171,133
2018-06-09 03:36,00475174,00575,454
2018-06-09 03:36,12799808,00495,6797
2018-06-09 03:36,11241436,11217,1122
2018-06-09 03:36,11437216,00541,4317
2018-06-09 03:36,12415188,12625,6503
2018-06-09 03:36,00191455,00742,524
2018-06-09 03:36,11657932,13526,2500
2018-06-09 03:37,00534070,11460,286
2018-06-09 03:37,00074781,15005,878
2018-06-09 03:37,12023127,00517,1822
2018-06-09 03:37,11617387,00240,990
2018-06-09 03:37,12094094,15176,5152
2018-06-09 03:37,14398833,15126,10216
2018-06-09 03:37,11759413,14647,2898
2018-06-09 03:37,00570783,13082,131
2018-06-09 03:37,00732329,11382,322
2018-06-09 03:37,00278406,11469,316
2018-06-09 03:37,00517262,00401,524
2018-06-09 03:37,11044690,12465,1543
2018-06-09 03:37,00792427,12583,276
2018-06-09 03:37,12530992,00600,1458
2018-06-09 03:37,11156325,11087,3538
2018-06-09 03:37,12776080,15775,1384
2018-06-09 03:37,13698770,00327,15261
2018-06-09 03:37,14191486,00595,16544
2018-06-09 03:37,00638027,00186,351
2018-06-09 03:37,00764877,11708,652
2018-06-09 03:37,00729466,15191,878
2018-06-09 03:37,00357126,14443,928
2018-06-09 03:37,12153415,00067,9662
2018-06-09 03:37,11167430,00311,4403
2018-06-09 03:37,11071470,00473,2134
2018-06-09 03:37,00464556,14594,480
2018-06-09 03:37,00087606,00654,185
2018-06-09 03:37,12376594,13726,1096
2018-06-09 03:37,11591049,12323,751
2018-06-09 03:37,00093302,14993,876
2018-06-09 03:37,12138419,00770,3650
2018-06-09 03:37,11705527,00796,1452
2018-06-09 03:37,11369487,00254,2647
2018-06-09 03:37,00524359,13215,25
2018-06-09 03:37,00091364,00113,280
2018-06-09 03:37,12753329,00443,7037
2018-06-09 03:37,00677728,14342,469
2018-06-09 03:37,00232347,00745,132
2018-06-09 03:37,00427018,12216,599
2018-06-09 03:37,12522695,00230,1110
2018-06-09 03:37,00751327,00178,938
2018-06-09 03:37,00340960,00285,701
2018-06-09 03:37,00249960,00801,378
2018-06-09 03:37,11782322,00696,1991
2018-06-09 03:37,00465254,13999,673
2018-06-09 03:37,00795040,11057,936
2018-06-09 03:37,12670288,14585,465
2018-06-09 03:37,00286255,00129,451
2018-06-09 03:37,11677845,00198,3385
2018-06-09 03:37,11180284,11021,3746
2018-06-09 03:37,11358948,13488,2169
2018-06-09 03:37,00497869,12418,930
2018-06-09 03:37,13391697,15506,11282
2018-06-09 03:37,00100124,00540,75
2018-06-09 03:37,00312080,13490,527
2018-06-09 03:37,00654928,00210,84
2018-06-09 03:37,00572535,00164,858
2018-06-09 03:37,00450582,12083,192
2018-06-09 03:37,00053928,12353,231
2018-06-09 03:37,00231573,00636,140
2018-06-09 03:38,00509820,00575,816
2018-06-09 03:38,11023559,11449,2132
2018-06-09 03:38,11300000,00415,3584
2018-06-09 03:38,12000177,12043,1185
2018-06-09 03:38,11117733,00346,2215
2018-06-09 03:38,00019802,11474,178
2018-06-09 03:38,00570182,13384,389
2018-06-09 03:38,00685065,00336,944
2018-06-09 03:38,11611923,13306,211
2018-06-09 03:38,00463848,14406,562
2018-06-09 03:38,00399055,11620,998
2018-06-09 03:38,00145766,12486,802
2018-06-09 03:38,11293045,14469,2051
2018-06-09 03:38,00282130,13449,594
2018-06-09 03:38,11588869,14168,395
2018-06-09 03:38,11178517,15220,3771
2018-06-09 03:38,00391559,12531,869
2018-06-09 03:38,00699753,13549,215
2018-06-09 03:38,11315040,00670,615
2018-06-09 03:38,11307930,14489,1580
2018-06-09 03:38,11474385,00266,1305
2018-06-09 03:38,13111336,13533,17418
2018-06-09 03:38,12267906,00544,3356
2018-06-09 03:38,00037357,00056,564
2018-06-09 03:38,00433087,00424,219
2018-06-09 03:38,00586966,11249,237
2018-06-09 03:38,12805393,00291,6169
2018-06-09 03:38,12724065,00071,4403
2018-06-09 03:38,13404659,11677,19783
2018-06-09 03:38,13745280,00587,6535
2018-06-09 03:38,11683653,00496,1157
2018-06-09 03:38,00367683,13763,248
2018-06-09 03:38,11792347,00674,2765
2018-06-09 03:38,11768827,11657,173
2018-06-09 03:38,00266650,11287,842
2018-06-09 03:38,14294387,00019,4910
2018-06-09 03:38,00188422,14639,701
2018-06-09 03:38,11248602,00571,146
2018-06-09 03:38,00180078,00409,127
2018-06-09 03:38,11788514,00130,235
2018-06-09 03:38,00092949,00489,155
2018-06-09 03:38,12546707,00742,3815
2018-06-09 03:38,11348771,00399,3876
2018-06-09 03:38,12116246,12766,3896
2018-06-09 03:38,12246519,14320,6822
2018-06-09 03:38,12627740,11395,6721
2018-06-09 03:38,00517088,00223,616
2018-06-09 03:38,11683280,13636,4078
2018-06-09 03:38,12496106,00687,1530
2018-06-09 03:38,14623218,00743,21286
2018-06-09 03:38,00795130,12776,610
2018-06-09 03:38,00678883,00651,939
2018-06-09 03:38,12466359,13517,6392
2018-06-09 03:38,00702904,14767,78
2018-06-09 03:38,00227472,12648,660
2018-06-09 03:38,11138060,00357,747
2018-06-09 03:38,00648269,00175,538
2018-06-09 03:38,00601393,13380,841
2018-06-09 03:38,00397296,12708,25
2018-06-09 03:38,00341990,00434,235
2018-06-09 03:39,00386936,12325,985
2018-06-09 03:39,00120789,11349,682
2018-06-09 03:39,00036396,12009,484
2018-06-09 03:39,13057134,00670,19694
2018-06-09 03:39,11728844,00783,781
2018-06-09 03:39,13562893,13992,2930
2018-06-09 03:39,00427204,00383,49
2018-06-09 03:39,12784848,13808,7387
2018-06-09 03:39,00795632,13312,358
2018-06-09 03:39,11665948,14208,3359
2018-06-09 03:39,14262415,11640,2662
2018-06-09 03:39,00425013,15648,914
2018-06-09 03:39,00222725,11208,924
2018-06-09 03:39,11510199,00070,722
2018-06-09 03:39,11322719,00126,4365
2018-06-09 03:39,12347612,00088,9395
2018-06-09 03:39,12558997,00291,2752
2018-06-09 03:39,00165797,00741,941
2018-06-09 03:39,11771821,13646,2324
2018-06-09 03:39,11364647,15332,409
2018-06-09 03:39,11595020,15502,816
2018-06-09 03:39,11265178,11699,201
2018-06-09 03:39,13691908,15001,17106
2018-06-09 03:39,11256460,00558,1605
2018-06-09 03:39,00620367,00465,773
2018-06-09 03:39,00107430,00649,396
2018-06-09 03:39,11233212,00617,418
2018-06-09 03:39,13428567,11722,4559
2018-06-09 03:39,12086254,00758,5777
2018-06-09 03:39,12745799,12258,6191
2018-06-09 03:39,00154007,00315,49
2018-06-09 03:39,00219551,13298,511
2018-06-09 03:39,11351207,13332,4518
2018-06-09 03:39,00261024,15140,788
2018-06-09 03:39,11432347,12671,3125
2018-06-09 03:39,00768663,00497,728
2018-06-09 03:39,11320104,14102,4309
2018-06-09 03:39,12561258,00101,2980
2018-06-09 03:39,11637118,00447,4378
2018-06-09 03:39,00700338,00408,691
2018-06-09 03:39,00613223,11615,966
2018-06-09 03:39,11365279,12268,261
2018-06-09 03:39,00055741,00245,234
2018-06-09 03:39,00686367,00643,49
2018-06-09 03:39,00483568,13115,409
2018-06-09 03:39,13271955,13379,7914
2018-06-09 03:39,00367929,12105,806
2018-06-09 03:39,11464847,12308,3012
2018-06-09 03:39,11251736,14124,42
2018-06-09 03:39,14067209,15746,28959
2018-06-09 03:39,00646839,00570,872
2018-06-09 03:39,13198060,15786,16368
2018-06-09 03:39,13635826,00197,9756
2018-06-09 03:39,00401979,11559,861
2018-06-09 03:39,00099313,00485,861
2018-06-09 03:39,13570995,00010,37
2018-06-09 03:39,11399969,00001,3473
2018-06-09 03:39,00796485,00685,466
2018-06-09 03:39,00048284,13393,680
2018-06-09 03:39,11037575,00691,2811
2018-06-09 03:40,12473643,00059,5731
2018-06-09 03:40,12128078,00157,3760
2018-06-09 03:40,11534045,14058,2174
2018-06-09 03:40,11340233,00155,4293
2018-06-09 03:40,00063670,00740,579
2018-06-09 03:40,00150024,00754,363
2018-06-09 03:40,00340588,13530,437
2018-06-09 03:40,12011541,12725,1637
2018-06-09 03:40,00061865,00415,322
2018-06-09 03:40,12130277,00789,4734
2018-06-09 03:40,00611539,12634,929
2018-06-09 03:40,00514714,00447,566
2018-06-09 03:40,12084761,12438,4215
2018-06-09 03:40,11585444,00529,2510
2018-06-09 03:40,12786873,00789,507
2018-06-09 03:40,00609769,11565,620
2018-06-09 03:40,12356754,11423,8088
2018-06-09 03:40,12010490,00728,4174
2018-06-09 03:40,12013716,14110,369
2018-06-09 03:40,11353287,14170,4184
2018-06-09 03:40,00590651,00414,455
2018-06-09 03:40,11730526,14791,3655
2018-06-09 03:40,11335833,00728,1521
2018-06-09 03:40,00019176,00730,521
2018-06-09 03:40,12658982,00630,2753
2018-06-09 03:40,11733142,12202,1340
2018-06-09 03:40,00230841,13380,934
2018-06-09 03:40,11375928,00403,1061
2018-06-09 03:40,12766701,00324,8881
2018-06-09 03:40,11520895,00451,2738
2018-06-09 03:40,11409379,13139,1241
2018-06-09 03:40,11507098,00773,84
2018-06-09 03:40,12401764,00167,8957
2018-06-09 03:40,00179366,11549,719
2018-06-09 03:40,13808740,12477,17228
2018-06-09 03:40,12576015,00287,9284
2018-06-09 03:40,11477126,00707,3278
2018-06-09 03:40,00529842,00788,479
2018-06-09 03:40,12754305,00602,2094
2018-06-09 03:40,00173184,13073,984
2018-06-09 03:40,00511269,00189,488
2018-06-09 03:40,12303095,00440,5241
2018-06-09 03:40,11433235,15230,593
2018-06-09 03:40,00168777,12369,582
2018-06-09 03:40,11263285,00390,2666
2018-06-09 03:40,00584835,11509,622
2018-06-09 03:40,00232519,14990,578
2018-06-09 03:40,12248533,15804,9368
2018-06-09 03:40,11470313,00350,1718
2018-06-09 03:40,12334539,14085,1938
2018-06-09 03:40,11524489,12144,2691
2018-06-09 03:40,11798848,11694,3579
2018-06-09 03:40,00048665,00681,743
2018-06-09 03:40,11561438,00047,4993
2018-06-09 03:40,00511816,00554,292
2018-06-09 03:40,00089694,13785,36
2018-06-09 03:40,12731952,00599,7635
2018-06-09 03:40,00579552,15602,232
2018-06-09 03:40,00198726,13616,36
2018-06-09 03:40,11144500,15079,1453
2018-06-09 03:41,00027733,00498,343
2018-06-09 03:41,00708532,11337,98
2018-06-09 03:41,13748615,00072,2211
2018-06-09 03:41,11374892,00292,3470
2018-06-09 03:41,00435847,15770,108
2018-06-09 03:41,11450478,13283,3830
2018-06-09 03:41,14397798,15788,19769
2018-06-09 03:41,00357963,13066,258
2018-06-09 03:41,11419781,00223,1231
2018-06-09 03:41,00276398,12184,6
2018-06-09 03:41,00572758,00678,600
2018-06-09 03:41,12394639,12240,8331
2018-06-09 03:41,00521516,14222,236
2018-06-09 03:41,12581455,14197,5534
2018-06-09 03:41,00014955,11235,433
2018-06-09 03:41,00022650,00431,121
2018-06-09 03:41,00463126,11307,97
2018-06-09 03:41,11365993,14690,293
2018-06-09 03:41,11065076,00764,4546
2018-06-09 03:41,00673950,00338,409
2018-06-09 03:41,00618487,14563,525
2018-06-09 03:41,00381028,11483,40
2018-06-09 03:41,00336944,13167,617
2018-06-09 03:41,11584241,13462,4590
2018-06-09 03:41,12380986,00033,7390
2018-06-09 03:41,11374446,00744,2642
2018-06-09 03:41,12405343,00208,4868
2018-06-09 03:41,00137235,00442,388
2018-06-09 03:41,00807932,13071,318
2018-06-09 03:41,00712110,00678,0
2018-06-09 03:41,00354642,00628,201
2018-06-09 03:41,00718591,00531,211
2018-06-09 03:41,00729666,13145,705
2018-06-09 03:41,12357384,00643,3720
2018-06-09 03:41,00405986,00156,284
2018-06-09 03:41,11121051,00109,3970
2018-06-09 03:41,12078028,00349,4309
2018-06-09 03:41,00791027,00502,56
2018-06-09 03:41,12264942,11503,5236
2018-06-09 03:41,00378837,13652,185
2018-06-09 03:41,11361487,00028,4393
2018-06-09 03:41,00449286,00294,780
2018-06-09 03:41,00589657,00062,268
2018-06-09 03:41,00455521,00298,979
2018-06-09 03:41,11323467,11626,621
2018-06-09 03:41,00773796,00109,550
2018-06-09 03:41,12789161,00628,7398
2018-06-09 03:41,00125051,00544,533
2018-06-09 03:41,11383466,00712,847
2018-06-09 03:41,13470614,00443,7261
2018-06-09 03:41,11444442,00031,3932
2018-06-09 03:41,00411184,00096,919
2018-06-09 03:41,00411054,00458,396
2018-06-09 03:41,00781220,00105,776
2018-06-09 03:41,12370233,00669,1034
2018-06-09 03:41,11265563,13681,586
2018-06-09 03:41,11588541,00724,2854
2018-06-09 03:41,11473805,15392,4687
2018-06-09 03:41,12014981,00309,9546
2018-06-09 03:41,00000450,00550,229
2018-06-09 03:42,00785578,00427,280
2018-06-09 03:42,12044214,15162,6199
2018-06-09 03:42,11755601,00057,2221
2018-06-09 03:42,00571463,00420,782
2018-06-09 03:42,00192722,00743,309
2018-06-09 03:42,12508162,15017,4696
2018-06-09 03:42,13282732,13681,17539
2018-06-09 03:42,00284575,13271,195
2018-06-09 03:42,12670855,00337,6304
2018-06-09 03:42,00766938,12691,83
2018-06-09 03:42,00425576,13383,730
2018-06-09 03:42,13577284,14747,16959
2018-06-09 03:42,11238159,15148,1010
2018-06-09 03:42,11328330,00707,4877
2018-06-09 03:42,11790732,13656,2867
2018-06-09 03:42,12526047,00333,6726
2018-06-09 03:42,11295999,00098,519
2018-06-09 03:42,12771379,00436,1532
2018-06-09 03:42,00545044,13513,650
2018-06-09 03:42,12291340,00314,7618
2018-06-09 03:42,11585496,00260,4619
2018-06-09 03:42,12012931,15689,1211
2018-06-09 03:42,00063351,00596,599
2018-06-09 03:42,11681085,00606,1744
2018-06-09 03:42,13729118,00192,535
2018-06-09 03:42,11048380,12271,1144
2018-06-09 03:42,11181991,00650,4799
2018-06-09 03:42,00262836,12648,523
2018-06-09 03:42,11612018,13744,4154
2018-06-09 03:42,00403239,11499,292
2018-06-09 03:42,11399115,00759,3838
2018-06-09 03:42,11029805,00473,1958
2018-06-09 03:42,12508973,14180,3196
2018-06-09 03:42,00421187,11088,915
2018-06-09 03:42,12728905,11369,7808
2018-06-09 03:42,00745739,00188,244
2018-06-09 03:42,12726963,13706,2363
2018-06-09 03:42,00748606,00151,326
2018-06-09 03:42,00615871,00560,828
2018-06-09 03:42,12532164,15008,3226
2018-06-09 03:42,00734236,11599,649
2018-06-09 03:42,00319424,00287,232
2018-06-09 03:42,11051479,11224,3977
2018-06-09 03:42,00444437,00201,693
2018-06-09 03:42,00265431,12172,149
2018-06-09 03:42,00594791,00008,9
2018-06-09 03:42,00535541,00627,488
2018-06-09 03:42,00799422,14070,588
2018-06-09 03:42,00753845,00697,183
2018-06-09 03:42,13161883,00488,17516
2018-06-09 03:42,00808132,00717,863
2018-06-09 03:42,12705228,14643,7791
2018-06-09 03:42,00374862,00637,620
2018-06-09 03:42,00395423,00288,171
2018-06-09 03:42,12021401,14031,7028
2018-06-09 03:42,11734604,00036,767
2018-06-09 03:42,12332611,15215,3087
2018-06-09 03:42,00212661,13464,411
2018-06-09 03:42,00006041,11090,298
2018-06-09 03:42,00285962,11653,491
2018-06-09 03:43,00355069,12402,329
2018-06-09 03:43,00714072,00058,867
2018-06-09 03:43,12433021,14484,6427
2018-06-09 03:43,00720454,11579,490
2018-06-09 03:43,00079880,14144,572
2018-06-09 03:43,13697090,12805,4648
2018-06-09 03:43,11756972,13104,1580
2018-06-09 03:43,11560540,00516,190
2018-06-09 03:43,12112376,15326,9718
2018-06-09 03:43,11651557,00246,1312
2018-06-09 03:43,00519022,00694,128
2018-06-09 03:43,11227285,11082,2866
2018-06-09 03:43,11275546,13145,992
2018-06-09 03:43,11702943,00341,637
2018-06-09 03:43,00180362,13664,117
2018-06-09 03:43,12275589,00406,8450
2018-06-09 03:43,12028886,15015,7266
2018-06-09 03:43,00360096,13316,160
2018-06-09 03:43,12445089,00809,8101
2018-06-09 03:43,11086342,00800,3434
2018-06-09 03:43,13146523,00396,7696
2018-06-09 03:43,00135984,15264,766
2018-06-09 03:43,00763319,14616,845
2018-06-09 03:43,00290234,00542,469
2018-06-09 03:43,00256671,12414,560
2018-06-09 03:43,12660818,11442,9211
2018-06-09 03:43,00756311,00181,98
2018-06-09 03:43,00787129,00067,911
2018-06-09 03:43,00128617,00380,99
2018-06-09 03:43,11444932,00701,4547
2018-06-09 03:43,00189335,00690,232
2018-06-09 03:43,11177195,14208,3247
2018-06-09 03:43,11347121,00793,3233
2018-06-09 03:43,12463575,11764,1868
2018-06-09 03:43,12182721,00449,7663
2018-06-09 03:43,00097004,13501,265
2018-06-09 03:43,11186311,00456,3585
2018-06-09 03:43,12683392,11556,3047
2018-06-09 03:43,12675004,00154,552
2018-06-09 03:43,11357961,00551,230
2018-06-09 03:43,00644204,13999,57
2018-06-09 03:43,12200239,13278,9850
2018-06-09 03:43,00540614,15337,733
2018-06-09 03:43,00708469,00387,288
2018-06-09 03:43,12015843,15171,9577
2018-06-09 03:43,12806952,11396,8040
2018-06-09 03:43,12471708,00006,142
2018-06-09 03:43,12404031,11065,4494
2018-06-09 03:43,00327771,13721,141
2018-06-09 03:43,00419257,13307,801
2018-06-09 03:43,00746900,15637,650
2018-06-09 03:43,00321422,00461,858
2018-06-09 03:43,00196121,00461,79
2018-06-09 03:43,00260814,00052,61
2018-06-09 03:43,11046125,00440,4322
2018-06-09 03:43,00731131,15053,92
2018-06-09 03:43,00423954,00399,30
2018-06-09 03:43,00136760,00079,793
2018-06-09 03:43,14548828,15436,6049
2018-06-09 03:43,00434907,00744,415
2018-06-09 03:44,12622643,12546,8050
2018-06-09 03:44,11314588,13595,3577
2018-06-09 03:44,12798989,11707,2910
2018-06-09 03:44,11292242,00444,1474
2018-06-09 03:44,00475127,14283,751
2018-06-09 03:44,11476608,13456,1043
2018-06-09 03:44,11102902,14376,3725
2018-06-09 03:44,12413311,00452,7153
2018-06-09 03:44,11099285,00696,4445
2018-06-09 03:44,12422842,00684,1292
2018-06-09 03:44,11222098,00318,2887
2018-06-09 03:44,13643016,11640,15859
2018-06-09 03:44,11462950,00419,2681
2018-06-09 03:44,00455793,00507,992
2018-06-09 03:44,00538597,00413,144
2018-06-09 03:44,00644708,15084,261
2018-06-09 03:44,00179191,13202,205
2018-06-09 03:44,00494621,13464,136
2018-06-09 03:44,00496880,12995,835
2018-06-09 03:44,00085734,11156,376
2018-06-09 03:44,00120628,00423,387
2018-06-09 03:44,11609332,00767,1551
2018-06-09 03:44,00263776,11453,900
2018-06-09 03:44,00010716,00606,583
2018-06-09 03:44,11478604,00020,1465
2018-06-09 03:44,00680449,12391,874
2018-06-09 03:44,12397223,00577,5077
2018-06-09 03:44,00408183,14803,876
2018-06-09 03:44,00570498,00444,444
2018-06-09 03:44,00373342,00169,926
2018-06-09 03:44,13286559,11538,19664
2018-06-09 03:44,11093920,12433,3491
2018-06-09 03:44,00308643,12442,810
2018-06-09 03:44,12723969,00303,6276
2018-06-09 03:44,00604154,00374,3
2018-06-09 03:44,12711135,00623,1340
2018-06-09 03:44,00348798,00692,734
2018-06-09 03:44,11291336,00221,4852
2018-06-09 03:44,00213634,00309,363
2018-06-09 03:44,11485118,14641,2309
2018-06-09 03:44,00558284,00401,730
2018-06-09 03:44,00695382,15224,130
2018-06-09 03:44,12263449,11253,8583
2018-06-09 03:44,11432516,12528,3210
2018-06-09 03:44,11197821,00030,332
2018-06-09 03:44,00560804,11051,566
2018-06-09 03:44,12353005,14280,3101
2018-06-09 03:44,00634654,12617,978
2018-06-09 03:44,11103349,15435,463
2018-06-09 03:44,00156030,12216,605
2018-06-09 03:44,11229342,12780,4201
2018-06-09 03:44,00245838,00027,586
2018-06-09 03:44,12107630,00153,6440
2018-06-09 03:44,11055633,00038,631
2018-06-09 03:44,12314855,15139,9425
2018-06-09 03:44,11191210,00726,590
2018-06-09 03:44,00768044,00062,534
2018-06-09 03:44,11356984,11295,936
2018-06-09 03:44,11112215,12040,3168
2018-06-09 03:44,11665116,00354,1097
2018-06-09 03:45,00296091,00077,42
2018-06-09 03:45,11296188,11234,1347
2018-06-09 03:45,11442493,00326,680
2018-06-09 03:45,11767990,00740,3173
2018-06-09 03:45,11368695,00030,2355
2018-06-09 03:45,12664755,00644,4784
2018-06-09 03:45,13214061,00501,199
2018-06-09 03:45,12543435,00703,3398
2018-06-09 03:45,00621478,11716,880
2018-06-09 03:45,00594163,00368,532
2018-06-09 03:45,12301291,13330,7407
2018-06-09 03:45,00032869,00192,710
2018-06-09 03:45,12585941,13540,853
2018-06-09 03:45,00509492,00348,413
2018-06-09 03:45,00047294,00545,403
2018-06-09 03:45,00235390,15516,478
2018-06-09 03:45,11167065,00313,1780
2018-06-09 03:45,00702481,00191,452
2018-06-09 03:45,00291362,00109,701
2018-06-09 03:45,11772386,14118,3831
2018-06-09 03:45,00693754,11658,564
2018-06-09 03:45,12151197,15502,3196
2018-06-09 03:45,00314199,13476,844
2018-06-09 03:45,13709241,00204,10500
2018-06-09 03:45,11678586,00470,4017
2018-06-09 03:45,12045056,00740,7069
2018-06-09 03:45,00413526,11169,939
2018-06-09 03:45,00588519,14571,563
2018-06-09 03:45,00204224,14106,495
2018-06-09 03:45,12281585,00226,6607
2018-06-09 03:45,00734860,12483,295
2018-06-09 03:45,12762420,00206,495
2018-06-09 03:45,13583295,00416,5906
2018-06-09 03:45,12338227,14377,8369
2018-06-09 03:45,00046157,00193,730
2018-06-09 03:45,00630918,12456,385
2018-06-09 03:45,13068780,14599,14837
2018-06-09 03:45,00727248,11351,160
2018-06-09 03:45,13104908,00730,2145
2018-06-09 03:45,00058818,12041,876
2018-06-09 03:45,12040231,13373,2851
2018-06-09 03:45,12787657,00727,6192
2018-06-09 03:45,00726993,12616,826
2018-06-09 03:45,00227711,00119,75
2018-06-09 03:45,00723771,00608,182
2018-06-09 03:45,00269891,00481,837
2018-06-09 03:45,12373467,15992,7355
2018-06-09 03:45,11558059,00564,3750
2018-06-09 03:45,00698518,12686,160
2018-06-09 03:45,13477013,00343,2710
2018-06-09 03:45,12290512,00569,7011
2018-06-09 03:45,11203176,13189,649
2018-06-09 03:45,00650669,13112,162
2018-06-09 03:45,11364109,12097,4607
2018-06-09 03:45,12376804,11748,1525
2018-06-09 03:45,00758626,13254,812
2018-06-09 03:45,00014358,00586,521
2018-06-09 03:45,00041669,00566,130
2018-06-09 03:45,00784220,00201,500
2018-06-09 03:45,12470452,00430,3093
2018-06-09 03:46,12545729,15535,5157
2018-06-09 03:46,00795935,12162,363
2018-06-09 03:46,11317156,00636,3090
2018-06-09 03:46,12505815,13223,2854
2018-06-09 03:46,00534349,00643,112
2018-06-09 03:46,11109143,00149,3603
2018-06-09 03:46,13303716,00048,11032
2018-06-09 03:46,12468994,00694,941
2018-06-09 03:46,00439330,00317,650
2018-06-09 03:46,00643037,00455,418
2018-06-09 03:46,00103802,00746,908
2018-06-09 03:46,00146396,00002,442
2018-06-09 03:46,00681988,12293,680
2018-06-09 03:46,12430170,11503,1691
2018-06-09 03:46,11769657,00336,1010
2018-06-09 03:46,00309859,15217,201
2018-06-09 03:46,00288407,11265,736
2018-06-09 03:46,11641881,13634,8
2018-06-09 03:46,11416841,00773,2616
2018-06-09 03:46,11213469,00453,2103
2018-06-09 03:46,00443336,15035,874
2018-06-09 03:46,00324453,00184,241
2018-06-09 03:46,11064714,13318,797
2018-06-09 03:46,00239823,00088,370
2018-06-09 03:46,00410229,12267,854
2018-06-09 03:46,12538794,12273,145
2018-06-09 03:46,00031528,00552,873
2018-06-09 03:46,00125631,00675,891
2018-06-09 03:46,00438395,11739,993
2018-06-09 03:46,12631411,13281,7919
2018-06-09 03:46,00233398,12124,39
2018-06-09 03:46,11651928,12697,970
2018-06-09 03:46,12442398,11141,3917
2018-06-09 03:46,11029270,00383,245
2018-06-09 03:46,00643995,14158,510
2018-06-09 03:46,12657008,13216,4299
2018-06-09 03:46,00718413,15535,625
2018-06-09 03:46,12009957,00734,6869
2018-06-09 03:46,00129050,11522,586
2018-06-09 03:46,12516617,00517,1363
2018-06-09 03:46,00027883,00769,459
2018-06-09 03:46,00261978,00587,674
2018-06-09 03:46,12401421,13207,9287
2018-06-09 03:46,14614141,00389,5824
2018-06-09 03:46,13543016,00715,4282
2018-06-09 03:46,14463606,00693,1428
2018-06-09 03:46,11412919,13238,3329
2018-06-09 03:46,00090019,00283,781
2018-06-09 03:46,00133944,00208,569
2018-06-09 03:46,00761674,00692,282
2018-06-09 03:46,11250731,00768,2049
2018-06-09 03:46,00071090,14185,61
2018-06-09 03:46,00524165,11742,37
2018-06-09 03:46,11550830,12669,4805
2018-06-09 03:46,00642168,00127,820
2018-06-09 03:46,11239080,13161,3990
2018-06-09 03:46,00073637,00059,586
2018-06-09 03:46,00148787,00404,517
2018-06-09 03:46,12755183,00451,8167
2018-06-09 03:46,11156369,00554,2382
2018-06-09 03:47,11641171,00700,2462
2018-06-09 03:47,00206809,00792,334
2018-06-09 03:47,00259960,11474,618
2018-06-09 03:47,12230429,14187,3371
2018-06-09 03:47,00327941,11240,905
2018-06-09 03:47,00472593,12760,785
2018-06-09 03:47,00011942,00612,313
2018-06-09 03:47,14533805,00615,7552
2018-06-09 03:47,13164184,15244,17975
2018-06-09 03:47,00009482,00777,752
2018-06-09 03:47,00425415,00073,234
2018-06-09 03:47,00315805,00370,498
2018-06-09 03:47,00531645,13279,100
2018-06-09 03:47,12023767,13793,7886
2018-06-09 03:47,11283582,00307,750
2018-06-09 03:47,00781601,15556,468
2018-06-09 03:47,12047122,11329,7274
2018-06-09 03:47,00742732,00651,18
2018-06-09 03:47,00710635,11077,18
2018-06-09 03:47,12339271,00069,8375
2018-06-09 03:47,11693772,00570,2780
2018-06-09 03:47,11740496,00211,1867
2018-06-09 03:47,11277794,14560,3350
2018-06-09 03:47,11473804,14731,372
2018-06-09 03:47,00107465,11416,887
2018-06-09 03:47,00294337,12063,57
2018-06-09 03:47,12525138,00808,589
2018-06-09 03:47,00194738,14578,612
2018-06-09 03:47,11462258,00463,1539
2018-06-09 03:47,12054649,15049,7028
2018-06-09 03:47,00510175,12503,423
2018-06-09 03:47,12803341,00278,6652
2018-06-09 03:47,00141467,12173,892
2018-06-09 03:47,00308177,13521,749
2018-06-09 03:47,00788413,00161,927
2018-06-09 03:47,00606275,00648,226
2018-06-09 03:47,12802772,00345,5080
2018-06-09 03:47,00147042,00667,242
2018-06-09 03:47,00786355,00305,974
2018-06-09 03:47,12561349,00682,2267
2018-06-09 03:47,00008238,12386,35
2018-06-09 03:47,11094533,00759,2905
2018-06-09 03:47,12560036,00257,4414
2018-06-09 03:47,12721468,11141,963
2018-06-09 03:47,11611886,00028,3605
2018-06-09 03:47,11534941,13090,462
2018-06-09 03:47,11006271,00070,1779
2018-06-09 03:47,00800179,00269,942
2018-06-09 03:47,00421455,12803,816
2018-06-09 03:47,11211381,00806,2467
2018-06-09 03:47,00479782,00403,485
2018-06-09 03:47,12348894,14141,3305
2018-06-09 03:47,11583025,00457,3882
2018-06-09 03:47,00302606,11674,444
2018-06-09 03:47,00392607,00048,517
2018-06-09 03:47,12501864,00049,3468
2018-06-09 03:47,00675769,00701,793
2018-06-09 03:47,12381958,14555,5851
2018-06-09 03:47,00212873,00616,567
2018-06-09 03:47,11049442,00607,2016
2018-06-09 03:48,13786974,00444,13102
2018-06-09 03:48,12075779,00681,2373
2018-06-09 03:48,12480913,00731,4725
2018-06-09 03:48,00212131,11228,824
2018-06-09 03:48,00065550,00086,87
2018-06-09 03:48,00136404,11584,13
2018-06-09 03:48,00176940,00158,18
2018-06-09 03:48,11500529,00270,4812
2018-06-09 03:48,00231716,00351,287
2018-06-09 03:48,00236946,00216,697
2018-06-09 03:48,12090528,00606,8567
2018-06-09 03:48,00248107,11326,975
2018-06-09 03:48,11543359,13286,3148
2018-06-09 03:48,00251403,13190,441
2018-06-09 03:48,00083661,00109,328
2018-06-09 03:48,13741246,00642,8226
2018-06-09 03:48,12300252,11530,3133
2018-06-09 03:48,00487725,11249,317
2018-06-09 03:48,00704465,13594,699
2018-06-09 03:48,12343174,14429,5004
2018-06-09 03:48,12599926,00267,3889
2018-06-09 03:48,12718413,00507,609
2018-06-09 03:48,11732607,13075,791
2018-06-09 03:48,11578856,13304,4945
2018-06-09 03:48,11344321,11410,3385
2018-06-09 03:48,14683204,00196,10853
2018-06-09 03:48,00677845,13330,519
2018-06-09 03:48,00700948,00217,894
2018-06-09 03:48,00197104,13369,334
2018-06-09 03:48,00729122,14752,744
2018-06-09 03:48,00409701,00553,314
2018-06-09 03:48,14034818,12633,8664
2018-06-09 03:48,00343136,14448,15
2018-06-09 03:48,12465073,00223,9371
2018-06-09 03:48,00510256,00223,738
2018-06-09 03:48,00418312,14793,277
2018-06-09 03:48,14258348,11403,8855
2018-06-09 03:48,12583328,00140,8723
2018-06-09 03:48,00365246,14623,851
2018-06-09 03:48,00605975,14071,444
2018-06-09 03:48,13404279,00721,2505
2018-06-09 03:48,12465353,13659,3865
2018-06-09 03:48,12482287,00556,9052
2018-06-09 03:48,12420697,00766,1701
2018-06-09 03:48,00207749,00102,538
2018-06-09 03:48,11018275,12511,2857
2018-06-09 03:48,12262014,11606,814
2018-06-09 03:48,11015460,00218,123
2018-06-09 03:48,11325010,00789,4598
2018-06-09 03:48,11171563,12444,2142
2018-06-09 03:48,00480652,00296,362
2018-06-09 03:48,00033877,15179,793
2018-06-09 03:48,11084538,13431,3344
2018-06-09 03:48,12484865,15721,6929
2018-06-09 03:48,00717532,00349,295
2018-06-09 03:48,13635459,00789,3298
2018-06-09 03:48,00359786,00234,152
2018-06-09 03:48,14521586,12804,29744
2018-06-09 03:48,11379459,11657,3974
2018-06-09 03:48,00342127,13058,472
2018-06-09 03:49,12365918,13178,4427
2018-06-09 03:49,12280597,13021,209
2018-06-09 03:49,00503543,13426,443
2018-06-09 03:49,00234215,00738,599
2018-06-09 03:49,00261702,11753,929
2018-06-09 03:49,12210601,13512,5383
2018-06-09 03:49,12320674,12210,5825
2018-06-09 03:49,13450227,11703,12433
2018-06-09 03:49,12716793,15806,9711
2018-06-09 03:49,12329846,00285,6885
2018-06-09 03:49,12555605,00048,4774
2018-06-09 03:49,11057011,00183,4474
2018-06-09 03:49,12625416,14797,9634
2018-06-09 03:49,12232113,13412,8316
2018-06-09 03:49,00053113,00409,63
2018-06-09 03:49,12266528,00208,4234
2018-06-09 03:49,00530673,13138,414
2018-06-09 03:49,11224549,00160,3149
2018-06-09 03:49,00412350,15410,252
2018-06-09 03:49,12542425,15037,3889
2018-06-09 03:49,11741098,13669,2821
2018-06-09 03:49,00463667,00384,445
2018-06-09 03:49,00459208,14758,449
2018-06-09 03:49,11074206,14217,561
2018-06-09 03:49,13397751,14655,15048
2018-06-09 03:49,13246610,11229,9905
2018-06-09 03:49,00622138,00402,640
2018-06-09 03:49,11044202,15085,2304
2018-06-09 03:49,00674857,00269,209
2018-06-09 03:49,12469849,13309,272
2018-06-09 03:49,11045349,00287,1230
2018-06-09 03:49,00441257,00647,413
2018-06-09 03:49,12296064,14479,8631
2018-06-09 03:49,00053291,00378,346
2018-06-09 03:49,00676727,00715,682
2018-06-09 03:49,00505930,00585,851
2018-06-09 03:49,00570323,11221,913
2018-06-09 03:49,12808295,00064,4386
2018-06-09 03:49,12106019,00408,2938
2018-06-09 03:49,00359697,15535,989
2018-06-09 03:49,11153228,11785,2505
2018-06-09 03:49,00536377,15059,803
2018-06-09 03:49,12415935,00039,3676
2018-06-09 03:49,11370951,14497,2047
2018-06-09 03:49,13802018,13379,5971
2018-06-09 03:49,11361959,15428,300
2018-06-09 03:49,11364712,00655,2765
2018-06-09 03:49,12008239,15646,5301
2018-06-09 03:49,13198729,00224,12240
2018-06-09 03:49,12150671,14739,758
2018-06-09 03:49,00272091,12082,196
2018-06-09 03:49,11362160,00308,2253
2018-06-09 03:49,00542546,15261,442
2018-06-09 03:49,11214943,11220,4082
2018-06-09 03:49,00696595,11497,877
2018-06-09 03:49,11138622,12360,3455
2018-06-09 03:49,00147550,00173,291
2018-06-09 03:49,13403142,13280,1788
2018-06-09 03:49,00121979,00634,761
2018-06-09 03:49,11171849,00409,3881
2018-06-09 03:50,12805113,00499,732
2018-06-09 03:50,00172971,00780,875
2018-06-09 03:50,11202536,15571,108
2018-06-09 03:50,12030234,00271,5860
2018-06-09 03:50,00602188,00205,340
2018-06-09 03:50,00731831,11610,98
2018-06-09 03:50,00067453,13746,661
2018-06-09 03:50,00410040,00730,674
2018-06-09 03:50,00015565,12238,726
2018-06-09 03:50,11704844,13437,1170
2018-06-09 03:50,00331233,00288,446
2018-06-09 03:50,00674577,15113,394
2018-06-09 03:50,12089434,11061,5047
2018-06-09 03:50,00196144,15352,613
2018-06-09 03:50,12092393,15331,6512
2018-06-09 03:50,11256556,14402,757
2018-06-09 03:50,00605954,11736,306
2018-06-09 03:50,11491000,14479,4218
2018-06-09 03:50,11512375,15549,1188
2018-06-09 03:50,11346716,11433,3082
2018-06-09 03:50,00101654,00031,950
2018-06-09 03:50,12686007,00545,4789
2018-06-09 03:50,12309331,00033,4055
2018-06-09 03:50,11418361,00668,1177
2018-06-09 03:50,11590365,00034,4732
2018-06-09 03:50,13784137,11674,1708
2018-06-09 03:50,00138726,00364,290
2018-06-09 03:50,00149562,00090,453
2018-06-09 03:50,00387289,00634,338
2018-06-09 03:50,00059362,14150,239
2018-06-09 03:50,11136799,00357,1396
2018-06-09 03:50,00474889,00456,7
2018-06-09 03:50,11298595,12628,3035
2018-06-09 03:50,13572268,14073,887
2018-06-09 03:50,00013922,15593,958
2018-06-09 03:50,00009696,00122,475
2018-06-09 03:50,00127412,00516,823
2018-06-09 03:50,00671923,00050,82
2018-06-09 03:50,12710238,00035,8418
2018-06-09 03:50,12487451,11435,218
2018-06-09 03:50,00110751,00389,682
2018-06-09 03:50,11787388,13503,64
2018-06-09 03:50,12183314,11794,1287
2018-06-09 03:50,11372630,00248,3246
2018-06-09 03:50,00439301,00227,695
2018-06-09 03:50,11078972,00457,1316
2018-06-09 03:50,11411766,00661,2388
2018-06-09 03:50,00460600,11094,748
2018-06-09 03:50,00012385,00279,16
2018-06-09 03:50,00030665,11709,673
2018-06-09 03:50,11164163,00258,1469
2018-06-09 03:50,00435509,00173,349
2018-06-09 03:50,00576411,11406,675
2018-06-09 03:50,00295743,13329,20
2018-06-09 03:50,00616029,12731,165
2018-06-09 03:50,13173195,00246,15836
2018-06-09 03:50,11573191,15760,4965
2018-06-09 03:50,00615026,00197,198
2018-06-09 03:50,00788725,00737,576
2018-06-09 03:50,00607150,00773,688
2018-06-09 03:51,00797368,00310,212
2018-06-09 03:51,13804005,14519,19108
2018-06-09 03:51,11348178,00357,2300
2018-06-09 03:51,00709576,00582,918
2018-06-09 03:51,00469501,13704,469
2018-06-09 03:51,00422643,13032,597
2018-06-09 03:51,11410110,00177,654
2018-06-09 03:51,11692080,14207,3325
2018-06-09 03:51,14232008,12045,849
2018-06-09 03:51,11353276,14252,4447
2018-06-09 03:51,00483490,13802,276
2018-06-09 03:51,00803790,13147,482
2018-06-09 03:51,11210431,00647,1050
2018-06-09 03:51,11644993,00658,3674
2018-06-09 03:51,00368837,00573,848
2018-06-09 03:51,11536642,00725,378
2018-06-09 03:51,11699137,12240,4133
2018-06-09 03:51,00426647,00035,836
2018-06-09 03:51,12135302,00422,9595
2018-06-09 03:51,00447456,00062,925
2018-06-09 03:51,13114861,15051,16938
2018-06-09 03:51,11470664,00439,1384
2018-06-09 03:51,00445448,00206,230
2018-06-09 03:51,12614822,00311,6
2018-06-09 03:51,00325363,00435,99
2018-06-09 03:51,12308254,00035,3505
2018-06-09 03:51,12309929,00719,419
2018-06-09 03:51,00527162,00573,980
2018-06-09 03:51,12019801,00780,174
2018-06-09 03:51,12671282,13401,3773
2018-06-09 03:51,11547422,12222,3386
2018-06-09 03:51,11657899,15805,2316
2018-06-09 03:51,00257909,15036,196
2018-06-09 03:51,11615351,12360,4622
2018-06-09 03:51,12705275,13779,1463
2018-06-09 03:51,11353878,13654,3996
2018-06-09 03:51,11438383,12047,3769
2018-06-09 03:51,14491237,00184,1444
2018-06-09 03:51,00661450,15471,889
2018-06-09 03:51,00221916,14762,384
2018-06-09 03:51,00640876,12779,855
2018-06-09 03:51,12796476,00236,25
2018-06-09 03:51,11210850,00014,4853
2018-06-09 03:51,00673219,15198,586
2018-06-09 03:51,00013976,15756,910
2018-06-09 03:51,11503521,12119,4271
2018-06-09 03:51,00301600,14367,49
2018-06-09 03:51,14758093,00313,28105
2018-06-09 03:51,11400503,15282,1275
2018-06-09 03:51,00131550,00328,650
2018-06-09 03:51,11124322,15224,2745
2018-06-09 03:51,12003760,00258,5131
2018-06-09 03:51,12250685,13265,1433
2018-06-09 03:51,12110927,00384,68
2018-06-09 03:51,11121144,00514,2938
2018-06-09 03:51,00776663,00385,442
2018-06-09 03:51,12727229,00605,163
2018-06-09 03:51,12574938,11706,5292
2018-06-09 03:51,00209404,13517,578
2018-06-09 03:51,00453459,00263,435
2018-06-09 03:52,00476576,00061,804
2018-06-09 03:52,12314020,12168,9710
2018-06-09 03:52,12318890,00494,1642
2018-06-09 03:52,12034872,00787,977
2018-06-09 03:52,11738475,00369,1971
2018-06-09 03:52,00796541,00005,834
2018-06-09 03:52,11097442,00207,203
2018-06-09 03:52,11403050,11070,1540
2018-06-09 03:52,11694028,11804,186
2018-06-09 03:52,11767548,12695,3005
2018-06-09 03:52,12676484,00174,546
2018-06-09 03:52,12152999,00741,9126
2018-06-09 03:52,14250271,11095,26732
2018-06-09 03:52,11087952,15507,2753
2018-06-09 03:52,12077286,12111,353
2018-06-09 03:52,00804338,13242,119
2018-06-09 03:52,11496131,00228,85
2018-06-09 03:52,11057068,00325,806
2018-06-09 03:52,11570045,00049,1651
2018-06-09 03:52,11431139,13202,2651
2018-06-09 03:52,00783219,00283,712
2018-06-09 03:52,00251070,00283,917
2018-06-09 03:52,00038734,00378,325
2018-06-09 03:52,11033938,00153,2850
2018-06-09 03:52,12708606,14118,5708
2018-06-09 03:52,12612657,00113,9908
2018-06-09 03:52,00396225,00429,320
2018-06-09 03:52,00761425,14994,778
2018-06-09 03:52,00618092,11405,993
2018-06-09 03:52,11369194,13298,263
2018-06-09 03:52,11369946,14101,1755
2018-06-09 03:52,12118887,00615,9132
2018-06-09 03:52,11447494,00666,588
2018-06-09 03:52,00584906,11268,787
2018-06-09 03:52,12143651,00062,8345
2018-06-09 03:52,11218663,15051,4573
2018-06-09 03:52,00267352,14799,427
2018-06-09 03:52,00774564,00085,961
2018-06-09 03:52,00272034,00176,523
2018-06-09 03:52,00006580,00749,817
2018-06-09 03:52,12613607,00347,8128
2018-06-09 03:52,00223265,14803,261
2018-06-09 03:52,14543733,15203,18367
2018-06-09 03:52,11143451,00742,3374
2018-06-09 03:52,14740579,15329,21912
2018-06-09 03:52,11368093,00528,2789
2018-06-09 03:52,11515976,00056,430
2018-06-09 03:52,00446215,15484,120
2018-06-09 03:52,12722028,15491,2898
2018-06-09 03:52,12341835,00658,9270
2018-06-09 03:52,11296151,00586,2704
2018-06-09 03:52,11077043,00401,4322
2018-06-09 03:52,00051513,00283,22
2018-06-09 03:52,11648960,13799,1696
2018-06-09 03:52,00446543,00137,455
2018-06-09 03:52,00114917,11241,766
2018-06-09 03:52,13314081,11555,8303
2018-06-09 03:52,11288855,11781,4442
2018-06-09 03:52,13572822,13470,16336
2018-06-09 03:52,00390130,15265,307
2018-06-09 03:53,11034873,12605,4364
2018-06-09 03:53,00595089,14135,445
2018-06-09 03:53,12627820,13579,8894
2018-06-09 03:53,11087386,13344,2460
2018-06-09 03:53,00246394,14074,126
2018-06-09 03:53,12490800,14027,5401
2018-06-09 03:53,14103161,00174,1747
2018-06-09 03:53,11191020,12428,2421
2018-06-09 03:53,00052651,00714,421
2018-06-09 03:53,00793431,00233,433
2018-06-09 03:53,00209528,00772,968
2018-06-09 03:53,00609752,14423,474
2018-06-09 03:53,00103883,14753,749
2018-06-09 03:53,00296883,00398,936
2018-06-09 03:53,11055285,00716,2399
2018-06-09 03:53,00701345,13254,175
2018-06-09 03:53,00767909,00747,705
2018-06-09 03:53,11385537,12697,2531
2018-06-09 03:53,00482337,00215,161
2018-06-09 03:53,00189620,12188,877
2018-06-09 03:53,12066013,13413,5834
2018-06-09 03:53,00505482,00711,196
2018-06-09 03:53,11120829,13142,615
2018-06-09 03:53,00324187,00008,817
2018-06-09 03:53,12785593,15081,1963
2018-06-09 03:53,00110392,00102,825
2018-06-09 03:53,13078104,13672,10893
2018-06-09 03:53,00072848,00148,841
2018-06-09 03:53,00277160,12746,551
2018-06-09 03:53,11615452,14725,4947
2018-06-09 03:53,11158265,00413,4318
2018-06-09 03:53,00377431,00111,526
2018-06-09 03:53,00555908,00586,701
2018-06-09 03:53,12224455,00162,2120
2018-06-09 03:53,00440729,14054,663
2018-06-09 03:53,13299215,00185,8714
2018-06-09 03:53,13410582,11112,8386
2018-06-09 03:53,13020538,14715,7403
2018-06-09 03:53,11505777,11990,3527
2018-06-09 03:53,00502472,00249,756
2018-06-09 03:53,00132356,00223,590
2018-06-09 03:53,11539077,12509,2834
2018-06-09 03:53,00802370,11335,399
2018-06-09 03:53,00754414,00650,849
2018-06-09 03:53,11522368,00691,3827
2018-06-09 03:53,00000740,00370,342
2018-06-09 03:53,00013749,15423,262
2018-06-09 03:53,11653336,00036,1919
2018-06-09 03:53,11350703,14212,381
2018-06-09 03:53,00101076,00087,732
2018-06-09 03:53,11568699,13373,4215
2018-06-09 03:53,00237360,13374,86
2018-06-09 03:53,00024229,13412,27
2018-06-09 03:53,12717345,00071,350
2018-06-09 03:53,00175614,14674,890
2018-06-09 03:53,11327047,14748,4755
2018-06-09 03:53,00260294,00021,671
2018-06-09 03:53,11548283,12633,4699
2018-06-09 03:53,00454351,12153,523
2018-06-09 03:53,00722473,14419,610
2018-06-09 03:54,11764240,00713,2605
2018-06-09 03:54,00146199,14014,827
2018-06-09 03:54,13360057,00071,687
2018-06-09 03:54,00390668,15365,626
2018-06-09 03:54,00264640,12187,667
2018-06-09 03:54,00533375,15737,49
2018-06-09 03:54,11053884,00272,2796
2018-06-09 03:54,00522953,00808,923
2018-06-09 03:54,12241040,00513,6187
2018-06-09 03:54,12438087,11065,2369
2018-06-09 03:54,00578305,00619,622
2018-06-09 03:54,00544913,00125,815
2018-06-09 03:54,12319200,00051,5490
2018-06-09 03:54,00429991,00764,310
2018-06-09 03:54,00165637,14572,674
2018-06-09 03:54,00027542,13561,311
2018-06-09 03:54,00375074,15033,639
2018-06-09 03:54,00431767,12159,83
2018-06-09 03:54,00539380,13067,64
2018-06-09 03:54,00211352,00522,583
2018-06-09 03:54,11759074,00308,537
2018-06-09 03:54,12324247,00770,2372
2018-06-09 03:54,12637928,13118,4912
2018-06-09 03:54,14374105,00083,18123
2018-06-09 03:54,00455747,12120,522
2018-06-09 03:54,11711634,12770,1570
2018-06-09 03:54,13473808,14517,13059
2018-06-09 03:54,00755808,00779,667
2018-06-09 03:54,12518482,00181,7512
2018-06-09 03:54,11798181,12737,2724
2018-06-09 03:54,11449504,14558,3962
2018-06-09 03:54,12099392,12725,764
2018-06-09 03:54,00270729,00630,902
2018-06-09 03:54,00193948,12411,447
2018-06-09 03:54,00093388,00323,745
2018-06-09 03:54,00431479,13050,391
2018-06-09 03:54,12175117,00744,6272
2018-06-09 03:54,00319345,00367,611
2018-06-09 03:54,00743349,13389,32
2018-06-09 03:54,00073841,14091,5
2018-06-09 03:54,12229340,13475,2909
2018-06-09 03:54,11303106,00467,2317
2018-06-09 03:54,00534188,14242,577
2018-06-09 03:54,12093397,13809,4009
2018-06-09 03:54,12062499,00187,4277
2018-06-09 03:54,00678548,00270,796
2018-06-09 03:54,00038181,00532,642
2018-06-09 03:54,11044307,00149,2216
2018-06-09 03:54,12755069,00688,5026
2018-06-09 03:54,00500185,12547,61
2018-06-09 03:54,12606206,15108,4595
2018-06-09 03:54,00648759,13275,796
2018-06-09 03:54,11714827,00430,991
2018-06-09 03:54,00122664,00778,471
2018-06-09 03:54,11759717,15586,326
2018-06-09 03:54,13756905,15141,8067
2018-06-09 03:54,00247425,12072,379
2018-06-09 03:54,12184934,00336,5608
2018-06-09 03:54,11065493,14418,1235
2018-06-09 03:54,12324424,14428,8158
2018-06-09 03:55,00243750,00083,240
2018-06-09 03:55,00588076,00700,930
2018-06-09 03:55,00596032,00248,445
2018-06-09 03:55,11183059,14509,4910
2018-06-09 03:55,00276438,00482,505
2018-06-09 03:55,11041255,00429,4366
2018-06-09 03:55,00458285,11107,94
2018-06-09 03:55,11043033,13794,2746
2018-06-09 03:55,00438895,15041,995
2018-06-09 03:55,11328277,00211,2781
2018-06-09 03:55,00267805,15025,554
2018-06-09 03:55,12706443,11656,8653
2018-06-09 03:55,11189241,14757,4875
2018-06-09 03:55,12153357,00735,2036
2018-06-09 03:55,11419334,12437,868
2018-06-09 03:55,11176316,13635,968
2018-06-09 03:55,00146748,00384,641
2018-06-09 03:55,12322713,15352,2470
2018-06-09 03:55,12282784,00181,6924
2018-06-09 03:55,11331509,15655,207
2018-06-09 03:55,11537243,00486,3963
2018-06-09 03:55,12240759,13731,5510
2018-06-09 03:55,00478378,15404,930
2018-06-09 03:55,00003826,11211,321
2018-06-09 03:55,00352896,00754,117
2018-06-09 03:55,13309992,00490,7334
2018-06-09 03:55,00719745,15186,261
2018-06-09 03:55,11016487,00168,745
2018-06-09 03:55,13390695,00125,8895
2018-06-09 03:55,00752142,15732,908
2018-06-09 03:55,00105151,00302,370
2018-06-09 03:55,00052049,00704,257
2018-06-09 03:55,00551538,14033,617
2018-06-09 03:55,12581323,00103,3980
2018-06-09 03:55,11460294,12003,3272
2018-06-09 03:55,12378839,15191,9989
2018-06-09 03:55,00395429,13658,491
2018-06-09 03:55,00611990,15543,715
2018-06-09 03:55,00632301,00250,581
2018-06-09 03:55,00589402,11047,544
2018-06-09 03:55,00259865,00786,946
2018-06-09 03:55,00766193,12611,552
2018-06-09 03:55,12495495,15796,5265
2018-06-09 03:55,00289583,11716,324
2018-06-09 03:55,12040773,11212,8486
2018-06-09 03:55,00536741,00611,482
2018-06-09 03:55,12400489,00776,7709
2018-06-09 03:55,00595737,00015,414
2018-06-09 03:55,11239987,11239,4390
2018-06-09 03:55,00524281,00581,754
2018-06-09 03:55,00467608,00345,857
2018-06-09 03:55,11309833,00436,3768
2018-06-09 03:55,00553726,12214,356
2018-06-09 03:55,12800038,00277,8539
2018-06-09 03:55,00781623,15144,223
2018-06-09 03:55,11596053,00237,1676
2018-06-09 03:55,00193953,00548,319
2018-06-09 03:55,00253047,11132,572
2018-06-09 03:55,00337675,00293,221
2018-06-09 03:55,00553958,00211,209
2018-06-09 03:56,00348157,13995,305
2018-06-09 03:56,12744004,00021,4415
2018-06-09 03:56,11790244,14616,1990
2018-06-09 03:56,00429044,00781,482
2018-06-09 03:56,11589383,00580,2139
2018-06-09 03:56,00804248,13166,272
2018-06-09 03:56,00219275,15018,764
2018-06-09 03:56,00175617,12315,372
2018-06-09 03:56,00532849,00212,466
2018-06-09 03:56,13289821,11308,4776
2018-06-09 03:56,12625348,00134,2142
2018-06-09 03:56,00015519,14001,672
2018-06-09 03:56,12438950,13065,2453
2018-06-09 03:56,12636882,00717,6878
2018-06-09 03:56,13714589,12611,18268
2018-06-09 03:56,12723939,00515,435
2018-06-09 03:56,00353423,00326,374
2018-06-09 03:56,11597840,14305,4571
2018-06-09 03:56,00400709,15250,249
2018-06-09 03:56,00315723,13015,2
2018-06-09 03:56,12543658,11348,759
2018-06-09 03:56,14670228,12184,25755
2018-06-09 03:56,12151717,00019,6463
2018-06-09 03:56,11026632,11689,1012
2018-06-09 03:56,11463125,00423,1845
2018-06-09 03:56,00645719,00130,333
2018-06-09 03:56,00577014,00117,633
2018-06-09 03:56,13518045,12755,13568
2018-06-09 03:56,11010378,11751,4125
2018-06-09 03:56,00163248,11343,841
2018-06-09 03:56,12461119,00691,6000
2018-06-09 03:56,00641362,11804,968
2018-06-09 03:56,14486691,14259,26468
2018-06-09 03:56,11354862,00251,4015
2018-06-09 03:56,00290085,00328,383
2018-06-09 03:56,11565484,00265,4979
2018-06-09 03:56,00118275,15299,914
2018-06-09 03:56,00387216,00548,785
2018-06-09 03:56,00391974,13692,228
2018-06-09 03:56,00663325,11089,639
2018-06-09 03:56,12311773,00551,6503
2018-06-09 03:56,12249356,00675,1589
2018-06-09 03:56,13640805,00007,2738
2018-06-09 03:56,13630941,15780,5278
2018-06-09 03:56,11036722,00301,2882
2018-06-09 03:56,11273547,11465,668
2018-06-09 03:56,00195756,00103,728
2018-06-09 03:56,11606228,14320,625
2018-06-09 03:56,11104371,13509,9
2018-06-09 03:56,00768120,00635,367
2018-06-09 03:56,12205489,00091,4669
2018-06-09 03:56,00430786,00098,384
2018-06-09 03:56,00531125,00583,242
2018-06-09 03:56,11697298,13217,2506
2018-06-09 03:56,12483358,14998,1369
2018-06-09 03:56,00715041,13440,979
2018-06-09 03:56,11591629,15805,2152
2018-06-09 03:56,00070494,00546,844
2018-06-09 03:56,12410710,15187,9652
2018-06-09 03:56,11213997,00271,2731
2018-06-09 03:57,11673875,13479,2022
2018-06-09 03:57,00362880,15654,561
2018-06-09 03:57,11125509,00068,1104
2018-06-09 03:57,00030970,00154,803
2018-06-09 03:57,00145630,13293,944
2018-06-09 03:57,11109363,00691,1960
2018-06-09 03:57,12318230,00413,2619
2018-06-09 03:57,11692816,00423,3304
2018-06-09 03:57,00716084,00002,228
2018-06-09 03:57,00122990,00095,934
2018-06-09 03:57,11397876,14038,290
2018-06-09 03:57,00343974,14100,45
2018-06-09 03:57,00791428,15492,512
2018-06-09 03:57,12699550,12027,6567
2018-06-09 03:57,00170582,14357,584
2018-06-09 03:57,11777687,00203,2618
2018-06-09 03:57,00387314,11265,548
2018-06-09 03:57,00061867,00786,756
2018-06-09 03:57,00752246,00275,652
2018-06-09 03:57,00008483,14634,334
2018-06-09 03:57,00603008,14086,466
2018-06-09 03:57,11779332,13748,1349
2018-06-09 03:57,00121503,00007,886
2018-06-09 03:57,00054253,14343,546
2018-06-09 03:57,11539839,11067,4459
2018-06-09 03:57,11702618,00094,4972
2018-06-09 03:57,11658275,00718,995
2018-06-09 03:57,00153487,00075,677
2018-06-09 03:57,00352632,14672,487
2018-06-09 03:57,11367262,00704,2123
2018-06-09 03:57,12566618,00580,3878
2018-06-09 03:57,11757246,00629,4044
2018-06-09 03:57,12778080,14345,6457
2018-06-09 03:57,00221455,00033,94
2018-06-09 03:57,11764857,15302,2808
2018-06-09 03:57,11580276,12269,753
2018-06-09 03:57,00351799,00554,64
2018-06-09 03:57,00251418,00347,313
2018-06-09 03:57,11002839,15522,4094
2018-06-09 03:57,12234161,11340,2427
2018-06-09 03:57,14805774,12779,1215
2018-06-09 03:57,00143181,00066,249
2018-06-09 03:57,12759099,00100,9933
2018-06-09 03:57,12703851,00723,4984
2018-06-09 03:57,11580917,00494,2431
2018-06-09 03:57,00755261,14176,179
2018-06-09 03:57,00067512,00617,419
2018-06-09 03:57,00287065,00065,347
2018-06-09 03:57,00487722,15300,389
2018-06-09 03:57,00117829,12244,494
2018-06-09 03:57,00135609,12793,376
2018-06-09 03:57,12121194,12617,4206
2018-06-09 03:57,14632634,00114,27927
2018-06-09 03:57,12452354,14710,2799
2018-06-09 03:57,00618228,00321,568
2018-06-09 03:57,00453570,11422,776
2018-06-09 03:57,13608982,14410,2742
2018-06-09 03:57,13650767,11521,10918
2018-06-09 03:57,00137167,00328,215
2018-06-09 03:57,00014313,00633,178
2018-06-09 03:58,00125209,00374,507
2018-06-09 03:58,13620809,14390,11597
2018-06-09 03:58,11166171,15698,729
2018-06-09 03:58,00246571,12282,537
2018-06-09 03:58,00316073,00308,30
2018-06-09 03:58,00709445,00284,753
2018-06-09 03:58,11150697,13420,4594
2018-06-09 03:58,00117955,00497,426
2018-06-09 03:58,00009993,00380,607
2018-06-09 03:58,00308986,00706,47
2018-06-09 03:58,00671728,11139,786
2018-06-09 03:58,00214293,15507,841
2018-06-09 03:58,11152806,00250,2167
2018-06-09 03:58,00484632,12326,242
2018-06-09 03:58,11352666,15092,687
2018-06-09 03:58,11366303,14367,4358
2018-06-09 03:58,12743357,14078,4779
2018-06-09 03:58,00272503,00643,637
2018-06-09 03:58,12413594,00071,7819
2018-06-09 03:58,11082205,00718,3990
2018-06-09 03:58,00729511,00083,711
2018-06-09 03:58,00503845,13110,899
2018-06-09 03:58,00672930,00460,205
2018-06-09 03:58,00225898,00537,911
2018-06-09 03:58,11451382,00298,2758
2018-06-09 03:58,00745848,00258,690
2018-06-09 03:58,13205658,12996,17137
2018-06-09 03:58,00702224,00542,349
2018-06-09 03:58,11299678,00501,3765
2018-06-09 03:58,12414592,15442,722
2018-06-09 03:58,11347582,11772,2432
2018-06-09 03:58,11201434,15695,4214
2018-06-09 03:58,00154233,12666,693
2018-06-09 03:58,11457274,15229,314
2018-06-09 03:58,00318026,15466,595
2018-06-09 03:58,00793002,00792,545
2018-06-09 03:58,00388714,00212,713
2018-06-09 03:58,11410515,11181,3019
2018-06-09 03:58,11047530,00664,4112
2018-06-09 03:58,11084274,12724,4333
2018-06-09 03:58,00509939,00449,399
2018-06-09 03:58,12026179,00593,9887
2018-06-09 03:58,00052508,15373,796
2018-06-09 03:58,12705723,00378,1183
2018-06-09 03:58,00014429,13274,879
2018-06-09 03:58,11757684,00353,4092
2018-06-09 03:58,00429685,00488,876
2018-06-09 03:58,00727083,00762,990
2018-06-09 03:58,00764252,00325,310
2018-06-09 03:58,00562423,00791,681
2018-06-09 03:58,00771641,15809,345
2018-06-09 03:58,00288211,00128,284
2018-06-09 03:58,11419235,00063,2222
2018-06-09 03:58,12664327,14287,1019
2018-06-09 03:58,00504550,12299,838
2018-06-09 03:58,00193108,11001,423
2018-06-09 03:58,00259617,00070,710
2018-06-09 03:58,00156349,11435,252
2018-06-09 03:58,00163277,14373,498
2018-06-09 03:58,00007662,14539,353
2018-06-09 03:59,00063016,00192,314
2018-06-09 03:59,12232663,00079,8187
2018-06-09 03:59,00793648,13682,651
2018-06-09 03:59,11150509,12419,4638
2018-06-09 03:59,12743739,13584,5961
2018-06-09 03:59,13156789,00239,17064
2018-06-09 03:59,11394147,00194,2817
2018-06-09 03:59,00491320,00008,667
2018-06-09 03:59,00428763,00795,468
2018-06-09 03:59,11541977,12595,2335
2018-06-09 03:59,00123599,00466,279
2018-06-09 03:59,00397530,00470,680
2018-06-09 03:59,00141691,13417,327
2018-06-09 03:59,11186197,11151,30
2018-06-09 03:59,00091899,12135,207
2018-06-09 03:59,00258070,12176,860
2018-06-09 03:59,00226383,00737,74
2018-06-09 03:59,00809668,00148,676
2018-06-09 03:59,00093057,13039,467
2018-06-09 03:59,12801158,13738,8293
2018-06-09 03:59,00322315,11231,895
2018-06-09 03:59,11153967,14757,4728
2018-06-09 03:59,00200897,00058,571
2018-06-09 03:59,00711402,00372,161
2018-06-09 03:59,11126773,12767,1967
2018-06-09 03:59,00714490,00046,534
2018-06-09 03:59,00161327,00275,341
2018-06-09 03:59,11617814,12573,1190
2018-06-09 03:59,00297521,00669,540
2018-06-09 03:59,11109508,11668,4353
2018-06-09 03:59,12442034,15530,1867
2018-06-09 03:59,00503679,11450,484
2018-06-09 03:59,12656477,00759,2602
2018-06-09 03:59,11495389,15457,1246
2018-06-09 03:59,14493147,13516,12761
2018-06-09 03:59,11802193,13075,2224
2018-06-09 03:59,00412821,15305,226
2018-06-09 03:59,00094022,12701,988
2018-06-09 03:59,13230540,11796,16231
2018-06-09 03:59,00725760,12638,510
2018-06-09 03:59,00799225,00015,704
2018-06-09 03:59,12261067,00524,6552
2018-06-09 03:59,00713435,11704,739
2018-06-09 03:59,00768408,00202,518
2018-06-09 03:59,00038718,13196,428
2018-06-09 03:59,00724520,00427,709
2018-06-09 03:59,11150973,12412,178
2018-06-09 03:59,00162486,14589,944
2018-06-09 03:59,12400089,13686,8545
2018-06-09 03:59,00230595,00258,881
2018-06-09 03:59,11196755,00558,2224
2018-06-09 03:59,12252540,00342,9450
2018-06-09 03:59,00029199,13525,58
2018-06-09 03:59,13178201,15296,17133
2018-06-09 03:59,12375196,00258,8738
2018-06-09 03:59,00100558,00567,460
2018-06-09 03:59,00252743,14658,701
2018-06-09 03:59,11650332,00369,2350
2018-06-09 03:59,11602518,13440,71
2018-06-09 03:59,00769504,00261,372
2018-06-09 04:00,00327908,14409,841
2018-06-09 04:00,12141389,00335,6373
2018-06-09 04:00,00074767,15524,745
2018-06-09 04:00,11166490,13643,1614
2018-06-09 04:00,14108235,00319,15750
2018-06-09 04:00,12242394,00287,430
2018-06-09 04:00,11516088,00510,3592
2018-06-09 04:00,00337417,12387,199
2018-06-09 04:00,00613298,13261,792
2018-06-09 04:00,00797886,00710,597
2018-06-09 04:00,00574056,00452,436
2018-06-09 04:00,00289142,00676,254
2018-06-09 04:00,00639776,15346,634
2018-06-09 04:00,00345474,12759,291
2018-06-09 04:00,12688147,12563,4389
2018-06-09 04:00,11405417,00005,1583
2018-06-09 04:00,00599166,13013,227
2018-06-09 04:00,00787218,00603,678
2018-06-09 04:00,12522168,00793,2258
2018-06-09 04:00,00560372,13671,466
2018-06-09 04:00,00013891,00720,708
2018-06-09 04:00,00293174,13800,262
2018-06-09 04:00,12292332,13152,860
2018-06-09 04:00,00023900,00535,887
2018-06-09 04:00,14458800,14149,6818
2018-06-09 04:00,12089400,15460,7605
2018-06-09 04:00,14128050,12033,11882
2018-06-09 04:00,11435835,00772,2252
2018-06-09 04:00,00628668,00714,852
2018-06-09 04:00,00315822,15417,757
2018-06-09 04:00,11564737,15161,3846
2018-06-09 04:00,11586166,11805,1543
2018-06-09 04:00,00675364,14117,894
2018-06-09 04:00,11784705,15680,2498
2018-06-09 04:00,00673014,11790,985
2018-06-09 04:00,00138198,00446,552
2018-06-09 04:00,00564067,11520,563
2018-06-09 04:00,00263840,13104,814
2018-06-09 04:00,12559318,15230,7947
2018-06-09 04:00,12675483,00801,7792
2018-06-09 04:00,00795008,00032,758
2018-06-09 04:00,00573582,13438,933
2018-06-09 04:00,11303414,00675,321
2018-06-09 04:00,12638687,14520,1390
2018-06-09 04:00,00567591,15309,609
2018-06-09 04:00,12260139,13140,7085
2018-06-09 04:00,14528955,11801,10167
2018-06-09 04:00,00578805,00616,500
2018-06-09 04:00,12306188,00517,8665
2018-06-09 04:00,12107403,13398,9486
2018-06-09 04:00,12654150,00465,2567
2018-06-09 04:00,12719891,00212,7403
2018-06-09 04:00,13162547,12406,9580
2018-06-09 04:00,12169975,00545,1496
2018-06-09 04:00,00416027,00644,179
2018-06-09 04:00,00258939,12717,979
2018-06-09 04:00,11332857,12358,2789
2018-06-09 04:00,13633371,12741,5742
2018-06-09 04:00,00422370,12441,255
2018-06-09 04:00,11353112,15503,1840
2018-06-09 04:01,00141650,14640,873
2018-06-09 04:01,11760467,00417,3047
2018-06-09 04:01,00261185,00219,688
2018-06-09 04:01,00401092,11784,219
2018-06-09 04:01,11004078,00427,4046
2018-06-09 04:01,11488770,15745,1219
2018-06-09 04:01,11734166,13447,223
2018-06-09 04:01,00071902,00393,103
2018-06-09 04:01,11261420,00652,781
2018-06-09 04:01,00571854,14799,5
2018-06-09 04:01,00325707,15629,108
2018-06-09 04:01,13642341,12489,4167
2018-06-09 04:01,00049827,11085,148
2018-06-09 04:01,12324449,00554,152
2018-06-09 04:01,00694197,00461,87
2018-06-09 04:01,00006034,14078,288
2018-06-09 04:01,00741420,00262,218
2018-06-09 04:01,12701805,00394,5243
2018-06-09 04:01,13644925,13493,9152
2018-06-09 04:01,00763874,00469,668
2018-06-09 04:01,00085975,11717,446
2018-06-09 04:01,00100717,12495,3
2018-06-09 04:01,12448264,13386,1091
2018-06-09 04:01,12494117,00509,4912
2018-06-09 04:01,11172087,00740,3776
2018-06-09 04:01,12534816,12657,3145
2018-06-09 04:01,00411906,13048,350
2018-06-09 04:01,11536811,00564,273
2018-06-09 04:01,11756037,00422,4699
2018-06-09 04:01,12053440,13695,2581
2018-06-09 04:01,00723684,13542,164
2018-06-09 04:01,12411965,00636,1511
2018-06-09 04:01,00788507,13253,396
2018-06-09 04:01,11359421,00769,913
2018-06-09 04:01,00091031,13198,742
2018-06-09 04:01,00803484,00327,480
2018-06-09 04:01,00361383,00537,468
2018-06-09 04:01,00060152,00290,460
2018-06-09 04:01,12355790,00499,6592
2018-06-09 04:01,00666494,11760,994
2018-06-09 04:01,00263925,12414,786
2018-06-09 04:01,00761914,15392,634
2018-06-09 04:01,00103071,00128,453
2018-06-09 04:01,00076196,15335,925
2018-06-09 04:01,00053140,12190,13
2018-06-09 04:01,00510295,00600,246
2018-06-09 04:01,00595543,00003,977
2018-06-09 04:01,12000212,14542,3149
2018-06-09 04:01,00648035,00352,936
2018-06-09 04:01,00249231,00758,495
2018-06-09 04:01,00478335,00321,623
2018-06-09 04:01,11002938,00760,3498
2018-06-09 04:01,12376841,15645,3566
2018-06-09 04:01,11326125,15141,3263
2018-06-09 04:01,00745507,14713,620
2018-06-09 04:01,00598455,00421,731
2018-06-09 04:01,00385130,12430,114
2018-06-09 04:01,00032968,13041,399
2018-06-09 04:01,00274355,15419,801
2018-06-09 04:01,00343131,15793,308
2018-06-09 04:02,00353254,13661,442
2018-06-09 04:02,11058786,13637,38
2018-06-09 04:02,00667432,00746,491
2018-06-09 04:02,00291673,00101,741
2018-06-09 04:02,00604175,15638,619
2018-06-09 04:02,00692584,00558,485
2018-06-09 04:02,11623896,00041,129
2018-06-09 04:02,00061931,11023,840
2018-06-09 04:02,12629410,00231,2442
2018-06-09 04:02,00179959,15243,111
2018-06-09 04:02,11631609,14620,1862
2018-06-09 04:02,00731877,15559,153
2018-06-09 04:02,11587284,15497,333
2018-06-09 04:02,00433643,13359,242
2018-06-09 04:02,13524987,11347,3827
2018-06-09 04:02,12002534,14587,8378
2018-06-09 04:02,00380817,12058,730
2018-06-09 04:02,11700854,00695,34
2018-06-09 04:02,00216733,13647,724
2018-06-09 04:02,00077886,00587,820
2018-06-09 04:02,12368390,14362,8729
2018-06-09 04:02,00753242,15412,68
2018-06-09 04:02,11280713,12195,4871
2018-06-09 04:02,12467954,00285,6177
2018-06-09 04:02,12295091,13992,4844
2018-06-09 04:02,00630250,14111,376
2018-06-09 04:02,00151183,11172,692
2018-06-09 04:02,11433478,00181,4476
2018-06-09 04:02,11449754,00234,1829
2018-06-09 04:02,13757131,13999,268
2018-06-09 04:02,11522486,00601,3186
2018-06-09 04:02,00740517,14128,770
2018-06-09 04:02,00586003,15722,438
2018-06-09 04:02,00194831,00137,550
2018-06-09 04:02,12048331,14160,6744
2018-06-09 04:02,00293287,14573,836
2018-06-09 04:02,00708490,15573,182
2018-06-09 04:02,12647369,00761,4362
2018-06-09 04:02,00227036,00025,997
2018-06-09 04:02,11792228,00366,4860
2018-06-09 04:02,00638497,11461,457
2018-06-09 04:02,00559231,13318,398
2018-06-09 04:02,00302382,00526,82
2018-06-09 04:02,11498903,00024,2246
2018-06-09 04:02,12599942,11047,3310
2018-06-09 04:02,00580811,11070,893
2018-06-09 04:02,12747716,00633,1354
2018-06-09 04:02,00246409,11317,922
2018-06-09 04:02,11133778,13304,2558
2018-06-09 04:02,11386999,11305,4284
2018-06-09 04:02,11118129,00210,424
2018-06-09 04:02,00181404,14579,663
2018-06-09 04:02,12684945,12465,5143
2018-06-09 04:02,00559156,12117,624
2018-06-09 04:02,11437237,00417,1308
2018-06-09 04:02,00807240,14599,629
2018-06-09 04:02,00575944,00445,699
2018-06-09 04:02,12473222,00589,8291
2018-06-09 04:02,00585600,11741,828
2018-06-09 04:02,11704703,00375,3118
2018-06-09 04:03,11695906,12348,3603
2018-06-09 04:03,12743803,00358,6032
2018-06-09 04:03,00303698,15527,993
2018-06-09 04:03,00092076,15471,579
2018-06-09 04:03,00430080,00301,157
2018-06-09 04:03,00492905,00619,454
2018-06-09 04:03,12278616,00735,7180
2018-06-09 04:03,00558809,00317,834
2018-06-09 04:03,11634422,11567,1502
2018-06-09 04:03,00165839,11344,580
2018-06-09 04:03,12731264,00155,73
2018-06-09 04:03,12319314,00606,6058
2018-06-09 04:03,11353122,00301,3077
2018-06-09 04:03,12230127,00271,3866
2018-06-09 04:03,11200846,11582,4589
2018-06-09 04:03,00758115,00366,276
2018-06-09 04:03,12419922,00181,8327
2018-06-09 04:03,00573851,00796,901
2018-06-09 04:03,00344086,12711,205
2018-06-09 04:03,00623944,11360,390
2018-06-09 04:03,12250294,00501,3874
2018-06-09 04:03,00241743,14121,927
2018-06-09 04:03,11502964,11357,2044
2018-06-09 04:03,14121210,00547,97
2018-06-09 04:03,11169489,00773,833
2018-06-09 04:03,11326943,00294,2447
2018-06-09 04:03,14108177,12689,24432
2018-06-09 04:03,00070726,00110,786
2018-06-09 04:03,00597527,13333,555
2018-06-09 04:03,12577645,00659,9574
2018-06-09 04:03,12436810,14021,5257
2018-06-09 04:03,00372942,00598,792
2018-06-09 04:03,12063808,11739,716
2018-06-09 04:03,11764430,00712,3385
2018-06-09 04:03,00571387,00126,153
2018-06-09 04:03,11770007,13249,1706
2018-06-09 04:03,11615245,00497,3868
2018-06-09 04:03,00222789,00511,555
2018-06-09 04:03,00418648,13015,217
2018-06-09 04:03,00003954,00540,855
2018-06-09 04:03,00506136,00676,135
2018-06-09 04:03,00718594,11621,476
2018-06-09 04:03,00642733,13186,980
2018-06-09 04:03,00578939,11485,323
2018-06-09 04:03,00704324,00454,927
2018-06-09 04:03,00043752,00273,295
2018-06-09 04:03,12177032,00273,2949
2018-06-09 04:03,00024068,13801,640
2018-06-09 04:03,11646281,00140,62
2018-06-09 04:03,00467939,14119,119
2018-06-09 04:03,11259506,00273,1414
2018-06-09 04:03,00435823,00410,131
2018-06-09 04:03,00803695,14628,188
2018-06-09 04:03,00455103,12316,440
2018-06-09 04:03,11644189,12106,4044
2018-06-09 04:03,00788581,15790,195
2018-06-09 04:03,12158517,14299,340
2018-06-09 04:03,13132444,00305,9082
2018-06-09 04:03,11591545,00227,1423
2018-06-09 04:03,00144338,00650,995
2018-06-09 04:04,00030777,00278,784
2018-06-09 04:04,00014701,00327,863
2018-06-09 04:04,12051756,00193,9183
2018-06-09 04:04,00763980,14083,880
2018-06-09 04:04,12483758,14644,5209
2018-06-09 04:04,11594752,13179,3065
2018-06-09 04:04,12254565,00198,8411
2018-06-09 04:04,13314473,00065,13653
2018-06-09 04:04,00228879,00258,28
2018-06-09 04:04,00723586,00668,241
2018-06-09 04:04,00172373,00429,674
2018-06-09 04:04,00295098,13134,352
2018-06-09 04:04,00582345,00452,661
2018-06-09 04:04,12739700,00440,8752
2018-06-09 04:04,12496631,13532,5921
2018-06-09 04:04,00346074,00774,264
2018-06-09 04:04,00287928,13665,227
2018-06-09 04:04,00646909,00157,978
2018-06-09 04:04,00352125,13027,12
2018-06-09 04:04,11339254,00177,4321
2018-06-09 04:04,12433106,14994,8480
2018-06-09 04:04,00167169,15753,854
2018-06-09 04:04,12649871,00280,4571
2018-06-09 04:04,11042462,12261,1852
2018-06-09 04:04,00511037,12632,951
2018-06-09 04:04,11001065,11406,3016
2018-06-09 04:04,00384685,13099,494
2018-06-09 04:04,00043153,00157,530
2018-06-09 04:04,12586842,14774,4817
2018-06-09 04:04,00564710,00000,973
2018-06-09 04:04,00240236,12711,647
2018-06-09 04:04,12487909,00241,8171
2018-06-09 04:04,00168142,13106,763
2018-06-09 04:04,11200369,00353,4416
2018-06-09 04:04,12019140,14268,9897
2018-06-09 04:04,13650671,00109,632
2018-06-09 04:04,00038809,00359,291
2018-06-09 04:04,00681506,00589,116
2018-06-09 04:04,12017325,00768,7211
2018-06-09 04:04,00388313,11627,334
2018-06-09 04:04,00404611,00599,147
2018-06-09 04:04,12588126,13243,7097
2018-06-09 04:04,11201634,00241,2917
2018-06-09 04:04,12306350,00104,2584
2018-06-09 04:04,11734395,13615,2673
2018-06-09 04:04,00378214,00564,263
2018-06-09 04:04,11166000,11183,2691
2018-06-09 04:04,13117769,14296,17673
2018-06-09 04:04,12614348,00590,7394
2018-06-09 04:04,00372304,00760,256
2018-06-09 04:04,12247080,00404,2207
2018-06-09 04:04,00047752,00263,801
2018-06-09 04:04,00158067,00491,972
2018-06-09 04:04,12371760,00593,8917
2018-06-09 04:04,00702609,00231,552
2018-06-09 04:04,00543748,00546,530
2018-06-09 04:04,00399808,00088,835
2018-06-09 04:04,00413262,00631,421
2018-06-09 04:04,00046847,00058,558
2018-06-09 04:04,11735227,00724,3999
2018-06-09 04:05,00681051,00351,907
2018-06-09 04:05,14601369,00162,21385
2018-06-09 04:05,00039028,00772,495
2018-06-09 04:05,13021938,13451,14294
2018-06-09 04:05,00259379,00597,219
2018-06-09 04:05,00275648,00564,0
2018-06-09 04:05,11259809,00484,1710
2018-06-09 04:05,14235290,00352,27810
2018-06-09 04:05,00163842,12069,759
2018-06-09 04:05,00519111,00007,351
2018-06-09 04:05,00061772,00069,400
2018-06-09 04:05,13573896,00465,9931
2018-06-09 04:05,11432796,15217,3866
2018-06-09 04:05,00476438,00718,254
2018-06-09 04:05,12164903,00106,7018
2018-06-09 04:05,00282011,00141,697
2018-06-09 04:05,00378082,12007,195
2018-06-09 04:05,11319974,00722,4683
2018-06-09 04:05,11213124,00219,2679
2018-06-09 04:05,14003736,00002,27661
2018-06-09 04:05,13602980,00517,444
2018-06-09 04:05,00583158,00672,13
2018-06-09 04:05,12092503,13522,595
2018-06-09 04:05,12563991,00751,9702
2018-06-09 04:05,13166181,14309,16394
2018-06-09 04:05,12315393,14147,8484
2018-06-09 04:05,00363909,00383,443
2018-06-09 04:05,11275959,00779,1536
2018-06-09 04:05,00584827,00773,532
2018-06-09 04:05,00588071,14006,520
2018-06-09 04:05,11653092,00568,351
2018-06-09 04:05,11615159,00552,3324
2018-06-09 04:05,12085692,12508,6106
2018-06-09 04:05,00019294,00580,73
2018-06-09 04:05,11706958,11094,3723
2018-06-09 04:05,00160633,12783,982
2018-06-09 04:05,11112151,00274,3786
2018-06-09 04:05,11498443,11805,4093
2018-06-09 04:05,11320636,00036,1236
2018-06-09 04:05,00486117,12630,769
2018-06-09 04:05,00363224,00334,923
2018-06-09 04:05,00457036,00742,569
2018-06-09 04:05,00766342,00380,290
2018-06-09 04:05,12740491,00531,6125
2018-06-09 04:05,00129028,15664,848
2018-06-09 04:05,11429503,00621,3393
2018-06-09 04:05,11419267,00538,2098
2018-06-09 04:05,00185875,12197,366
2018-06-09 04:05,12351098,00612,9131
2018-06-09 04:05,13714670,00665,11622
2018-06-09 04:05,00792686,11679,266
2018-06-09 04:05,11205881,11686,330
2018-06-09 04:05,00762328,00457,198
2018-06-09 04:05,13643104,15174,3110
2018-06-09 04:05,00688909,00410,301
2018-06-09 04:05,11141952,14225,3989
2018-06-09 04:05,00499420,12327,732
2018-06-09 04:05,00725250,00611,163
2018-06-09 04:05,00522179,13091,583
2018-06-09 04:05,00202530,14611,200
2018-06-09 04:06,11388753,00732,2102
2018-06-09 04:06,00506751,11480,678
2018-06-09 04:06,11214788,00722,4872
2018-06-09 04:06,12405264,11115,6596
2018-06-09 04:06,14763055,15597,1429
2018-06-09 04:06,12062986,11688,7994
2018-06-09 04:06,11696872,11643,3483
2018-06-09 04:06,00122835,15788,954
2018-06-09 04:06,12432235,15378,2211
2018-06-09 04:06,11483340,15193,4899
2018-06-09 04:06,00357147,00492,776
2018-06-09 04:06,12509547,00705,9447
2018-06-09 04:06,00122764,13214,833
2018-06-09 04:06,12772031,00706,2295
2018-06-09 04:06,12286587,00116,6663
2018-06-09 04:06,14750676,00733,22622
2018-06-09 04:06,00336784,00412,659
2018-06-09 04:06,11133300,11530,2653
2018-06-09 04:06,12079683,15160,2971
2018-06-09 04:06,00545288,11113,560
2018-06-09 04:06,00266149,00508,591
2018-06-09 04:06,14229883,13150,12588
2018-06-09 04:06,00089585,13090,582
2018-06-09 04:06,00384791,12154,291
2018-06-09 04:06,00403729,14626,35
2018-06-09 04:06,11223726,13504,3178
2018-06-09 04:06,12366877,12290,2911
2018-06-09 04:06,00616282,00449,207
2018-06-09 04:06,11001130,00100,2060
2018-06-09 04:06,12046049,00497,7548
2018-06-09 04:06,00520544,00346,574
2018-06-09 04:06,11205556,14778,476
2018-06-09 04:06,11133416,11426,3952
2018-06-09 04:06,12592335,00266,8530
2018-06-09 04:06,00356087,14625,572
2018-06-09 04:06,00104271,00707,685
2018-06-09 04:06,00321699,00395,508
2018-06-09 04:06,00060224,14401,958
2018-06-09 04:06,00291608,00003,59
2018-06-09 04:06,11210448,15786,1043
2018-06-09 04:06,11091556,00318,471
2018-06-09 04:06,11756740,13272,4772
2018-06-09 04:06,00049550,11141,766
2018-06-09 04:06,13700968,00289,7393
2018-06-09 04:06,00167896,00649,898
2018-06-09 04:06,14342888,00709,20355
2018-06-09 04:06,11444580,00691,4533
2018-06-09 04:06,12572510,12767,3378
2018-06-09 04:06,11032145,14423,1904
2018-06-09 04:06,00348352,00129,389
2018-06-09 04:06,00267436,00516,461
2018-06-09 04:06,11108292,14635,4127
2018-06-09 04:06,00796626,11602,302
2018-06-09 04:06,11616294,15278,4453
2018-06-09 04:06,11189697,14308,3332
2018-06-09 04:06,00104065,00111,411
2018-06-09 04:06,12789594,00402,4479
2018-06-09 04:06,00677224,00439,68
2018-06-09 04:06,00648529,00640,215
2018-06-09 04:06,00302301,13227,607
2018-06-09 04:07,00559009,13489,170
2018-06-09 04:07,13807681,15007,13668
2018-06-09 04:07,00406710,00159,834
2018-06-09 04:07,00066373,12048,863
2018-06-09 04:07,00117733,14217,638
2018-06-09 04:07,00584372,13088,632
2018-06-09 04:07,00627278,13667,920
2018-06-09 04:07,00535214,00085,291
2018-06-09 04:07,11440949,15676,2343
2018-06-09 04:07,11577717,12135,3018
2018-06-09 04:07,14809475,00769,7860
2018-06-09 04:07,00403598,00272,227
2018-06-09 04:07,00021547,00498,611
2018-06-09 04:07,12115670,00549,7914
2018-06-09 04:07,12712103,00225,7730
2018-06-09 04:07,00492052,00135,685
2018-06-09 04:07,11505764,11721,1626
2018-06-09 04:07,13643172,00108,5210
2018-06-09 04:07,00770607,11054,118
2018-06-09 04:07,00286236,00660,918
2018-06-09 04:07,13263541,15282,16683
2018-06-09 04:07,00035182,00797,702
2018-06-09 04:07,00752915,00543,389
2018-06-09 04:07,00560821,00420,508
2018-06-09 04:07,00637336,15333,332
2018-06-09 04:07,00045518,12535,846
2018-06-09 04:07,11764676,00249,2816
2018-06-09 04:07,00620304,11252,72
2018-06-09 04:07,12099570,00151,2322
2018-06-09 04:07,00724150,12300,411
2018-06-09 04:07,13253951,11108,2033
2018-06-09 04:07,00603211,00111,612
2018-06-09 04:07,11071723,13792,3504
2018-06-09 04:07,00078084,13439,558
2018-06-09 04:07,12084897,15526,4952
2018-06-09 04:07,11267784,13339,3914
2018-06-09 04:07,11768657,11708,540
2018-06-09 04:07,00647838,15285,910
2018-06-09 04:07,00130569,00627,298
2018-06-09 04:07,14653445,13030,4709
2018-06-09 04:07,00739808,11273,780
2018-06-09 04:07,00202361,00265,215
2018-06-09 04:07,11786522,15660,4015
2018-06-09 04:07,12762454,00104,6691
2018-06-09 04:07,00281118,00334,630
2018-06-09 04:07,11305269,12713,4340
2018-06-09 04:07,00619937,14250,202
2018-06-09 04:07,00419302,15792,604
2018-06-09 04:07,00422962,15525,152
2018-06-09 04:07,12285680,12691,7462
2018-06-09 04:07,00301445,00198,961
